name,label
AAACCTGAGAGCTATA,0
AAACCTGAGTGTGGCA,0
AAACCTGCACAAGACG,8
AAACCTGCACTCGACG,1
AAACCTGCAGGCTCAC,5
AAACCTGCATGTAGTC,0
AAACCTGGTTCGGGCT,8
AAACCTGTCAAACAAG,2
AAACCTGTCCCTAACC,5
AAACCTGTCGCTGATA,6
AAACGGGCATGGTCTA,2
AAACGGGGTCTCTCTG,1
AAACGGGTCAGTTTGG,0
AAACGGGTCTACCTGC,7
AAACGGGTCTCGTTTA,1
AAAGATGAGCCAGTAG,0
AAAGATGAGTCGCCGT,2
AAAGATGCAAGGTGTG,0
AAAGATGCACTATCTT,1
AAAGATGCATCGATGT,0
AAAGATGGTACTCGCG,1
AAAGATGGTAGCCTAT,4
AAAGATGGTGCACTTA,3
AAAGATGGTGCCTGGT,1
AAAGATGGTTTCCACC,10
AAAGATGTCAGAAATG,0
AAAGATGTCGACGGAA,2
AAAGCAAAGTCCCACG,4
AAAGCAACACACAGAG,0
AAAGCAACATGACGGA,6
AAAGCAAGTTCAGGCC,8
AAAGCAAGTTTGGGCC,3
AAAGCAATCAGTGTTG,4
AAAGCAATCCTAGAAC,5
AAAGTAGAGGCCGAAT,1
AAAGTAGAGTAATCCC,0
AAAGTAGAGTGCGATG,7
AAAGTAGCAAGTCATC,1
AAAGTAGCATCCGCGA,3
AAAGTAGGTGATAAGT,0
AAAGTAGGTGTCTGAT,0
AAAGTAGGTTCCGGCA,0
AAAGTAGTCACGCATA,5
AAAGTAGTCCTGTACC,0
AAAGTAGTCTAAGCCA,1
AAATGCCAGAGTGACC,2
AAATGCCAGCTATGCT,1
AAATGCCAGTACGCGA,0
AAATGCCAGTATTGGA,6
AAATGCCCAATCAGAA,0
AAATGCCCAATCCGAT,8
AAATGCCCACAAGCCC,5
AAATGCCCACAGAGGT,0
AAATGCCCACTTACGA,1
AAATGCCGTATCAGTC,8
AAATGCCGTCGCATCG,0
AAATGCCGTTCTCATT,6
AACACGTAGACAGGCT,2
AACACGTAGCTGAAAT,1
AACACGTAGGACATTA,7
AACACGTCAGAGTGTG,3
AACACGTCAGTCAGAG,3
AACACGTGTGGTCCGT,4
AACACGTTCTAAGCCA,2
AACCATGAGAAGGTTT,5
AACCATGAGAATTCCC,0
AACCATGAGCCCAATT,6
AACCATGAGGGTGTTG,0
AACCATGAGGTGACCA,0
AACCATGAGGTTACCT,7
AACCATGAGTGGGCTA,1
AACCATGCACAGAGGT,2
AACCATGCACAGCCCA,5
AACCATGCAGCCACCA,1
AACCATGCATGATCCA,1
AACCATGGTCTCATCC,1
AACCATGGTGTTCTTT,6
AACCATGTCAGATAAG,8
AACCGCGAGAAACCGC,8
AACCGCGAGTGCCAGA,1
AACCGCGAGTTGAGTA,4
AACCGCGCAAGAGTCG,4
AACCGCGCACGGTGTC,1
AACCGCGCATCTCGCT,6
AACCGCGGTACCAGTT,0
AACCGCGTCACCTTAT,5
AACCGCGTCCTACAGA,2
AACCGCGTCGATGAGG,4
AACGTTGCACCAGGCT,0
AACGTTGCATGTCTCC,1
AACGTTGGTAGGCTGA,0
AACGTTGGTCTACCTC,3
AACGTTGTCAATAAGG,0
AACGTTGTCAGGTAAA,2
AACGTTGTCCCGGATG,0
AACGTTGTCGCCGTGA,6
AACTCAGAGCCTATGT,7
AACTCAGCAGTATCTG,9
AACTCAGGTCTCTTTA,7
AACTCAGTCCAAGTAC,1
AACTCAGTCCTGCCAT,0
AACTCAGTCGGTGTCG,3
AACTCAGTCTCCGGTT,4
AACTCCCAGGTAGCCA,0
AACTCCCAGTAGTGCG,2
AACTCCCCAGTCACTA,0
AACTCCCCATCCCACT,5
AACTCCCGTGGAAAGA,5
AACTCCCTCCATTCTA,0
AACTCCCTCCCACTTG,1
AACTCTTAGACCTTTG,4
AACTCTTAGACTGTAA,0
AACTCTTCAATAGCGG,3
AACTCTTCAGGGAGAG,8
AACTCTTGTAAATGTG,0
AACTCTTGTTTGCATG,7
AACTCTTTCAGCCTAA,0
AACTCTTTCCCTTGTG,2
AACTCTTTCGGCTTGG,1
AACTGGTAGTTTAGGA,1
AACTGGTCAACGATGG,3
AACTGGTCAGGCAGTA,1
AACTGGTCATTATCTC,1
AACTGGTGTAAATGAC,8
AACTGGTTCGGAATCT,4
AACTGGTTCGGTGTTA,5
AACTTTCAGACAGACC,2
AACTTTCAGCGCCTTG,3
AACTTTCCACAGATTC,7
AACTTTCCACCAGGCT,0
AACTTTCCACGGCCAT,0
AACTTTCCAGCCTATA,9
AACTTTCCATGATCCA,2
AACTTTCGTAATCACC,2
AACTTTCGTATCGCAT,0
AACTTTCGTCAGAATA,0
AACTTTCTCCGCGCAA,4
AACTTTCTCCTCAATT,4
AAGACCTAGGGTCGAT,0
AAGACCTCAACTTGAC,0
AAGACCTCAAGCCGCT,0
AAGACCTCAAGCGAGT,1
AAGACCTCAATGGAAT,7
AAGACCTCACAGAGGT,3
AAGACCTCAGCTGGCT,1
AAGACCTGTGATGTGG,0
AAGCCGCAGGGATACC,0
AAGCCGCCAAGAGGCT,1
AAGCCGCCACAACGCC,3
AAGCCGCCACACCGAC,3
AAGCCGCCATCATCCC,1
AAGCCGCCATCGTCGG,2
AAGCCGCGTCCCTACT,0
AAGCCGCGTCGGCTCA,1
AAGCCGCGTTGCGCAC,0
AAGCCGCTCATGGTCA,0
AAGCCGCTCCTTTCGG,3
AAGCCGCTCCTTTCTC,0
AAGGAGCAGTATGACA,7
AAGGAGCCAGTATAAG,1
AAGGAGCCATAACCTG,4
AAGGAGCGTCAGAGGT,2
AAGGAGCGTCATGCAT,0
AAGGAGCGTTATGCGT,3
AAGGAGCTCTTGGGTA,6
AAGGCAGAGAACTGTA,0
AAGGCAGAGAGTACAT,2
AAGGCAGAGATGGGTC,0
AAGGCAGAGCCCGAAA,0
AAGGCAGAGGAACTGC,6
AAGGCAGAGGAATGGA,4
AAGGCAGAGGATGGAA,7
AAGGCAGAGTGACTCT,0
AAGGCAGAGTGTACCT,3
AAGGCAGCAAATACAG,1
AAGGCAGCAGTCAGCC,5
AAGGCAGGTAGTAGTA,1
AAGGCAGGTTCCAACA,0
AAGGTTCAGGTGCACA,3
AAGGTTCAGTCCAGGA,0
AAGGTTCCACGAGGTA,3
AAGGTTCCAGGCTGAA,0
AAGGTTCCATTCCTGC,0
AAGGTTCGTCACACGC,6
AAGGTTCGTCTCATCC,0
AAGGTTCGTGAAAGAG,1
AAGGTTCGTGATGCCC,6
AAGGTTCTCACTTCAT,1
AAGGTTCTCAGTCAGT,2
AAGGTTCTCCAAATGC,4
AAGGTTCTCCGTCATC,4
AAGGTTCTCGCACTCT,0
AAGGTTCTCTCAACTT,0
AAGTCTGAGAAACCAT,0
AAGTCTGAGAAGGACA,0
AAGTCTGAGCACGCCT,5
AAGTCTGCAAACCCAT,2
AAGTCTGGTAGCGTCC,2
AAGTCTGGTCGAAAGC,5
AAGTCTGGTGGCAAAC,3
AAGTCTGTCCTCGCAT,1
AATCCAGAGCTAGTGG,2
AATCCAGAGTCCCACG,0
AATCCAGCACACTGCG,1
AATCCAGCAGACTCGC,3
AATCCAGCAGATAATG,1
AATCCAGCAGGCTGAA,0
AATCCAGGTACCAGTT,2
AATCCAGGTAGCGCTC,0
AATCCAGGTATCACCA,3
AATCCAGGTCCGACGT,6
AATCCAGGTCTTGTCC,5
AATCCAGGTTCGTCTC,1
AATCCAGGTTTGTTGG,6
AATCCAGTCATAGCAC,4
AATCCAGTCGAATGGG,5
AATCGGTAGCACGCCT,0
AATCGGTAGCTGCCCA,2
AATCGGTAGTAGTGCG,1
AATCGGTAGTCGATAA,0
AATCGGTAGTTAAGTG,1
AATCGGTCAAACAACA,0
AATCGGTGTCACTGGC,2
AATCGGTGTTGCGCAC,3
AATCGGTTCACCAGGC,7
AATCGGTTCCGGCACA,2
AATCGGTTCTGGTGTA,1
ACACCAACATTGGCGC,3
ACACCAAGTAGTAGTA,3
ACACCAAGTTCCCGAG,5
ACACCCTAGAAACCAT,2
ACACCCTAGACCGGAT,0
ACACCCTAGCTGTTCA,1
ACACCCTCAGGAACGT,2
ACACCCTCAGGGATTG,0
ACACCCTCAGGGTATG,10
ACACCCTGTACAGTGG,9
ACACCCTGTCTGCCAG,6
ACACCCTGTGAACCTT,0
ACACCCTGTGCCTGTG,5
ACACCCTTCCGAGCCA,5
ACACCCTTCTGGCGAC,3
ACACCGGAGACCGGAT,0
ACACCGGAGGCCGAAT,3
ACACCGGAGGGCACTA,1
ACACCGGCAAGTCATC,2
ACACCGGCAGGTGGAT,0
ACACCGGCATCACGAT,7
ACACCGGCATCGTCGG,0
ACACCGGCATGGGAAC,9
ACACCGGGTCTGCGGT,0
ACACCGGGTGCCTGTG,0
ACACCGGGTTCGCTAA,1
ACACTGAAGAATCTCC,0
ACACTGAAGGTTCCTA,1
ACACTGACAATAGCAA,1
ACACTGACAATTCCTT,0
ACACTGACAGTTTACG,0
ACACTGACATACGCCG,2
ACACTGAGTAACGACG,2
ACACTGAGTAGCGTCC,7
ACAGCCGAGCCCAACC,0
ACAGCCGCAAGGACTG,9
ACAGCCGCAGACGTAG,1
ACAGCCGGTCTCATCC,6
ACAGCCGGTCTCGTTC,7
ACAGCCGGTCTGCAAT,4
ACAGCCGTCATAGCAC,1
ACAGCCGTCTTGAGAC,6
ACAGCTACAACACGCC,0
ACAGCTACAATAACGA,0
ACAGCTACACACAGAG,1
ACAGCTACATCTACGA,4
ACAGCTAGTAAAGGAG,1
ACAGCTAGTAAAGTCA,5
ACAGCTAGTAGCGCAA,0
ACAGCTAGTCAGTGGA,4
ACAGCTATCAAACCGT,1
ACAGCTATCCACTCCA,5
ACAGCTATCCATGAGT,0
ACAGCTATCTGGTATG,2
ACATACGAGATCCGAG,4
ACATACGAGATGCCTT,5
ACATACGAGCGTGTCC,5
ACATACGAGGAGCGAG,5
ACATACGAGGGCTCTC,4
ACATACGAGGGTGTGT,1
ACATACGAGGTAGCCA,0
ACATACGCACCCATGG,0
ACATACGCACTAGTAC,8
ACATACGCAGGTCCAC,1
ACATACGCAGTTAACC,0
ACATACGTCCAGAAGG,6
ACATACGTCGATGAGG,0
ACATACGTCGCATGAT,6
ACATACGTCGCCTGTT,2
ACATCAGAGGGTCGAT,5
ACATCAGGTCTGCGGT,8
ACATCAGGTGAGCGAT,2
ACATCAGTCCTGCTTG,1
ACATCAGTCGTAGGAG,1
ACATGGTAGAAACCAT,7
ACATGGTAGACTACAA,0
ACATGGTAGCAGGTCA,1
ACATGGTAGGGCTCTC,1
ACATGGTAGTGGTAAT,0
ACATGGTCACATTCGA,5
ACATGGTCATACGCCG,2
ACATGGTCATGCGCAC,1
ACATGGTGTCTAAACC,1
ACATGGTGTGTTCGAT,6
ACATGGTGTTATCCGA,1
ACATGGTTCACAGTAC,1
ACATGGTTCCGTACAA,1
ACATGGTTCCTATTCA,1
ACATGGTTCGTAGGTT,5
ACATGGTTCGTTTAGG,2
ACCAGTAAGAATCTCC,0
ACCAGTAAGTAATCCC,1
ACCAGTAAGTAGATGT,7
ACCAGTAAGTTTCCTT,5
ACCAGTAGTGAAAGAG,3
ACCAGTAGTTCGGGCT,3
ACCAGTATCATGTCCC,4
ACCAGTATCTAACGGT,0
ACCCACTAGGGCTCTC,4
ACCCACTAGTGAACAT,0
ACCCACTAGTTAGGTA,1
ACCCACTCAAGTCATC,1
ACCCACTCACAACGCC,8
ACCCACTCAGATCCAT,3
ACCCACTCATCTCGCT,0
ACCCACTGTACTCTCC,0
ACCCACTTCGGAGGTA,2
ACCGTAAAGAGCTGGT,1
ACCGTAAAGCTGTTCA,1
ACCGTAAAGGGCTTCC,0
ACCGTAACAATCACAC,1
ACCGTAATCAAGCCTA,6
ACCGTAATCACTCCTG,0
ACCGTAATCATGGTCA,2
ACCTTTAGTCTTCAAG,0
ACCTTTAGTGATAAAC,0
ACCTTTATCAAGAAGT,0
ACCTTTATCAGAGACG,2
ACCTTTATCATGCATG,0
ACCTTTATCGTTTGCC,2
ACGAGCCAGACATAAC,6
ACGAGCCAGCCGCCTA,6
ACGAGCCAGTTCGCGC,2
ACGAGCCCAACTTGAC,0
ACGAGCCCACGAAAGC,0
ACGAGCCCATGCTAGT,1
ACGAGCCTCACGAAGG,8
ACGAGCCTCATCATTC,0
ACGAGCCTCCCAAGAT,1
ACGAGCCTCTCAACTT,1
ACGAGGAAGGATTCGG,7
ACGAGGAAGGGTCTCC,2
ACGAGGAAGTTAAGTG,1
ACGAGGACACGACTCG,2
ACGAGGACAGACAAAT,1
ACGAGGACAGATCGGA,2
ACGAGGACAGCGAACA,2
ACGAGGACATATGAGA,0
ACGAGGAGTCGTGGCT,7
ACGAGGATCCCACTTG,4
ACGATACCAAGAGTCG,6
ACGATACCAAGTTCTG,8
ACGATACCACTAAGTC,1
ACGATACCACTGAAGG,8
ACGATACCACTGTTAG,1
ACGATACCACTTAAGC,4
ACGATACCAGCGTCCA,2
ACGATACCAGGCAGTA,2
ACGATACCATCGATTG,5
ACGATACGTCATTAGC,0
ACGATACGTCTCACCT,0
ACGATACGTGATAAAC,0
ACGATACGTGGTACAG,0
ACGATACTCCGTCATC,3
ACGATACTCTTCTGGC,0
ACGATGTAGAAGGACA,2
ACGATGTAGGCCATAG,5
ACGATGTAGTGTACTC,4
ACGATGTCAAACCCAT,5
ACGATGTGTCGCGAAA,0
ACGATGTGTCTCATCC,2
ACGATGTGTTCACGGC,2
ACGATGTGTTTGACAC,0
ACGATGTTCCGTTGCT,8
ACGATGTTCCTAGTGA,4
ACGATGTTCGGAAATA,4
ACGATGTTCTCTTATG,2
ACGATGTTCTGCGGCA,1
ACGCAGCAGACAGAGA,6
ACGCAGCAGAGGTTAT,5
ACGCAGCAGATGAGAG,8
ACGCAGCCAAGAAAGG,1
ACGCAGCCATCCCACT,2
ACGCAGCGTACTCGCG,5
ACGCAGCGTGTGAAAT,3
ACGCAGCTCGGTTAAC,4
ACGCAGCTCTTAACCT,6
ACGCCAGAGATAGCAT,0
ACGCCAGAGATAGGAG,2
ACGCCAGAGCTCCTCT,0
ACGCCAGGTAAACACA,0
ACGCCAGGTGAGGGAG,6
ACGCCAGGTGCGATAG,2
ACGCCAGGTTACAGAA,5
ACGCCAGTCCAAAGTC,5
ACGCCAGTCTTTAGGG,2
ACGCCGAAGGTACTCT,1
ACGCCGAGTTTAGGAA,1
ACGGAGAAGTGATCGG,2
ACGGAGACACGGTAGA,3
ACGGAGACATTTGCCC,6
ACGGAGAGTGAAAGAG,0
ACGGAGAGTGACAAAT,7
ACGGAGAGTTGCTCCT,3
ACGGAGATCCTGCAGG,2
ACGGAGATCGTAGGAG,0
ACGGAGATCTTAACCT,0
ACGGCCAAGAATCTCC,0
ACGGCCAAGACAAAGG,1
ACGGCCAAGATCCGAG,4
ACGGCCAAGGGCATGT,8
ACGGCCACACACCGAC,1
ACGGCCACACAGGAGT,8
ACGGCCACACTTCGAA,2
ACGGCCAGTCATACTG,0
ACGGCCAGTCCGAAGA,1
ACGGCCAGTGCGATAG,9
ACGGCCAGTGTTCTTT,7
ACGGCCAGTTAAAGTG,7
ACGGCCATCACTCCTG,1
ACGGCCATCAGTCCCT,0
ACGGCCATCTCCTATA,4
ACGGGCTAGAACTCGG,0
ACGGGCTAGACACTAA,2
ACGGGCTAGTGAATTG,7
ACGGGCTAGTGACATA,1
ACGGGCTCACCCAGTG,0
ACGGGCTCATAGACTC,7
ACGGGCTGTGACCAAG,1
ACGGGCTGTTAAGATG,0
ACGGGCTGTTATCCGA,5
ACGGGTCAGACTGGGT,1
ACGGGTCCAAGGACTG,4
ACGGGTCGTGAGCGAT,0
ACGGGTCGTGTTCGAT,4
ACGGGTCTCACGAAGG,0
ACGGGTCTCGTATCAG,0
ACGGGTCTCTCGCATC,3
ACGGGTCTCTTGTACT,3
ACGTCAACACAGACTT,2
ACGTCAACACCTATCC,0
ACGTCAACACTGTTAG,5
ACGTCAACAGTAAGCG,0
ACGTCAACATAGACTC,1
ACGTCAAGTGTCTGAT,0
ACGTCAATCATCTGTT,1
ACGTCAATCGAGGTAG,0
ACTATCTAGACGCACA,1
ACTATCTAGGATATAC,0
ACTATCTCAAAGAATC,2
ACTATCTGTATAGTAG,1
ACTATCTGTATTAGCC,3
ACTATCTGTGGTCCGT,2
ACTATCTGTTGTCGCG,1
ACTATCTTCATATCGG,1
ACTATCTTCTGCAGTA,2
ACTGAACCAATCACAC,9
ACTGAACCACAGCCCA,0
ACTGAACCACAGTCGC,2
ACTGAACCATATGAGA,3
ACTGAACGTTACAGAA,1
ACTGAACGTTCACGGC,5
ACTGAACTCAACACGT,2
ACTGAACTCAAGGCTT,3
ACTGAACTCGGTCTAA,0
ACTGAACTCGTTTATC,8
ACTGAACTCTGCTTGC,4
ACTGAGTAGTGAATTG,3
ACTGAGTCACCCATGG,2
ACTGAGTCAGCTGCAC,1
ACTGAGTCATATGCTG,2
ACTGAGTCATTACGAC,2
ACTGAGTGTCTAGCCG,4
ACTGAGTGTTACGGAG,3
ACTGAGTTCCAGGGCT,1
ACTGAGTTCCGCATCT,2
ACTGAGTTCGGAATCT,4
ACTGAGTTCGGCGCTA,7
ACTGATGAGCCTCGTG,6
ACTGATGAGCTACCTA,1
ACTGATGAGGAACTGC,8
ACTGATGAGGTGCAAC,1
ACTGATGAGTTCCACA,10
ACTGATGCACACCGAC,2
ACTGATGCACCTCGGA,0
ACTGATGCAGATCGGA,1
ACTGATGCAGGTCGTC,2
ACTGATGGTCAGATAA,3
ACTGATGGTCAGGACA,2
ACTGATGGTCTAGAGG,1
ACTGATGGTCTCTCGT,1
ACTGATGTCGAATGCT,1
ACTGATGTCTGAGTGT,8
ACTGATGTCTGTTGAG,1
ACTGCTCAGGTACTCT,2
ACTGCTCAGTGAAGTT,0
ACTGCTCCAAACTGTC,2
ACTGCTCCACATGTGT,2
ACTGCTCCATGGGAAC,0
ACTGCTCGTGGTGTAG,9
ACTGCTCTCCCGGATG,1
ACTGTCCAGTTCGATC,0
ACTGTCCCACGCTTTC,0
ACTGTCCCAGATCGGA,0
ACTGTCCCATTAGGCT,3
ACTGTCCGTACGCACC,8
ACTGTCCGTGAGGCTA,0
ACTGTCCGTGCAACGA,0
ACTGTCCGTGCGGTAA,1
ACTGTCCGTGGCTCCA,2
ACTGTCCGTTCAACCA,1
ACTGTCCGTTCCAACA,0
ACTGTCCGTTGAGTTC,0
ACTGTCCTCACTTCAT,3
ACTGTCCTCAGAGGTG,7
ACTGTCCTCGGAAATA,7
ACTTACTCACCAGTTA,0
ACTTACTCAGCTTCGG,5
ACTTACTCATGCCTAA,2
ACTTACTGTATGGTTC,7
ACTTACTGTTTGACAC,4
ACTTACTTCACCTTAT,1
ACTTACTTCCTAAGTG,3
ACTTGTTAGAGCTGGT,5
ACTTGTTAGTGTACGG,0
ACTTGTTCAAGCGATG,4
ACTTGTTCAAGCGCTC,7
ACTTGTTCAGGGTACA,3
ACTTGTTCATACAGCT,6
ACTTGTTGTACAGTTC,4
ACTTGTTGTGCCTGGT,2
ACTTGTTTCAACGGCC,4
ACTTGTTTCACAAACC,0
ACTTGTTTCACGATGT,3
ACTTGTTTCCGTCATC,2
ACTTTCAAGTGTCCCG,7
ACTTTCACACGGCGTT,7
ACTTTCACATGCCTTC,0
ACTTTCAGTAAACACA,2
ACTTTCAGTCCGACGT,0
ACTTTCAGTCTTCAAG,0
ACTTTCATCTTTAGGG,0
AGAATAGAGCTAAGAT,2
AGAATAGCACAGGAGT,1
AGAATAGTCAACACTG,3
AGAATAGTCACAACGT,3
AGAATAGTCACAATGC,10
AGAATAGTCGAACTGT,4
AGACGTTAGAGGTAGA,0
AGACGTTAGGCATGGT,5
AGACGTTAGGGCTTGA,3
AGACGTTCAACTTGAC,0
AGACGTTCACGGCCAT,2
AGACGTTCACTGTTAG,0
AGACGTTCAGGAATCG,3
AGACGTTTCAAGATCC,9
AGACGTTTCACAAACC,3
AGACGTTTCAGGATCT,3
AGACGTTTCCCAAGAT,0
AGACGTTTCGAACTGT,7
AGACGTTTCGCCCTTA,7
AGACGTTTCTGTACGA,0
AGAGCGAAGCGCCTCA,2
AGAGCGAAGCTGTTCA,2
AGAGCGACAAGGTTCT,0
AGAGCGACAATGAAAC,2
AGAGCGACAGTCTTCC,4
AGAGCGACATAGAAAC,2
AGAGCGAGTACAGTGG,1
AGAGCGATCAGCCTAA,1
AGAGCTTAGCTACCTA,0
AGAGCTTAGCTGGAAC,8
AGAGCTTAGTCATGCT,5
AGAGCTTCAGGAATGC,0
AGAGCTTCATGTAGTC,0
AGAGCTTCATTAACCG,2
AGAGCTTGTGCTCTTC,4
AGAGCTTGTGGCTCCA,2
AGAGCTTTCAGTACGT,0
AGAGCTTTCTAACCGA,0
AGAGTGGAGGAGTAGA,7
AGAGTGGAGGCTCTTA,0
AGAGTGGAGGGTCTCC,7
AGAGTGGCAAGAAAGG,0
AGAGTGGCAGCTCGCA,1
AGAGTGGGTTAGATGA,4
AGAGTGGTCAAGCCTA,5
AGAGTGGTCTAAGCCA,0
AGATCTGAGGATTCGG,2
AGATCTGAGGTGACCA,0
AGATCTGCATACTACG,2
AGATCTGGTACTTAGC,7
AGATCTGGTTGACGTT,2
AGATCTGGTTGCGTTA,7
AGATCTGTCACAACGT,1
AGATCTGTCTACCTGC,0
AGATTGCAGTCAATAG,0
AGATTGCAGTCCTCCT,0
AGATTGCAGTGTTAGA,0
AGATTGCCAAAGTGCG,2
AGATTGCCACTCGACG,0
AGATTGCCAGCTGTAT,1
AGATTGCCATAGGATA,7
AGATTGCGTGTTCGAT,5
AGATTGCGTGTTTGTG,7
AGATTGCGTTGCGTTA,2
AGCAGCCAGCTAGTGG,5
AGCAGCCAGGACACCA,1
AGCAGCCAGTCGCCGT,5
AGCAGCCAGTTACGGG,3
AGCAGCCGTCCGAAGA,4
AGCAGCCGTCGACTGC,6
AGCAGCCGTGTCAATC,0
AGCAGCCTCAAGATCC,0
AGCAGCCTCATGGTCA,5
AGCAGCCTCCGCATAA,7
AGCATACAGTGTCCAT,2
AGCATACCAAACTGCT,1
AGCATACCAAGCGTAG,1
AGCATACCACCAGCAC,0
AGCATACCACGACTCG,2
AGCATACCAGCTTAAC,3
AGCATACCATATGCTG,2
AGCATACCATTAGCCA,0
AGCATACCATTCACTT,1
AGCATACGTACTCTCC,6
AGCATACGTCAAACTC,4
AGCATACGTCAGAAGC,2
AGCATACGTCCTCCAT,3
AGCATACGTTACGCGC,2
AGCATACGTTCCCGAG,4
AGCATACGTTGAGGTG,4
AGCATACTCGTTACAG,7
AGCCTAAAGGCAAAGA,4
AGCCTAAAGTGAATTG,3
AGCCTAACAAGAAAGG,0
AGCCTAACACCACGTG,10
AGCCTAAGTACGCACC,0
AGCCTAAGTCTCTTAT,5
AGCCTAATCCGCGCAA,5
AGCCTAATCGGCGGTT,6
AGCCTAATCTCGTATT,2
AGCCTAATCTCTGAGA,6
AGCCTAATCTTAGAGC,2
AGCGGTCAGCCAGTAG,3
AGCGGTCAGTACTTGC,3
AGCGGTCCACTCGACG,1
AGCGGTCCAGTCAGAG,4
AGCGGTCGTAGGGACT,5
AGCGGTCGTTGCTCCT,1
AGCGGTCTCAGCGACC,3
AGCGGTCTCTACTATC,7
AGCGGTCTCTTGCATT,6
AGCGTATAGACAAAGG,6
AGCGTATAGATGTAAC,7
AGCGTATAGGATATAC,4
AGCGTATAGTAACCCT,6
AGCGTATCAGCCAGAA,0
AGCGTATCATGATCCA,0
AGCGTATGTCTCCATC,0
AGCGTATTCAACGAAA,1
AGCGTATTCATCTGTT,3
AGCGTATTCGGCATCG,9
AGCGTATTCTACCAGA,2
AGCGTCGCAATCCGAT,1
AGCGTCGCACACTGCG,6
AGCGTCGCAGACGCAA,2
AGCGTCGCATCGACGC,4
AGCGTCGGTGATAAGT,5
AGCGTCGGTTAGTGGG,8
AGCGTCGTCACTTATC,2
AGCGTCGTCCGTAGGC,0
AGCGTCGTCTGTCTCG,6
AGCTCCTAGGACGAAA,2
AGCTCCTAGGAGCGAG,4
AGCTCCTCAATCGAAA,0
AGCTCCTCATATACCG,1
AGCTCCTCATCACCCT,3
AGCTCCTCATCTGGTA,5
AGCTCCTGTAGCCTAT,7
AGCTCCTGTAGGACAC,4
AGCTCCTGTCAATACC,2
AGCTCCTGTCATACTG,0
AGCTCCTGTCCAACTA,7
AGCTCCTGTTGTCTTT,0
AGCTCCTTCGGCTACG,9
AGCTCTCAGTGTCTCA,1
AGCTCTCCAAAGGTGC,0
AGCTCTCCACCAGGTC,0
AGCTCTCCACTCAGGC,2
AGCTCTCCAGCTTCGG,3
AGCTCTCGTACAGTGG,5
AGCTCTCGTCAGAAGC,0
AGCTCTCTCAACGGCC,3
AGCTCTCTCAGAAATG,2
AGCTCTCTCGGATGTT,4
AGCTCTCTCGGTTAAC,2
AGCTCTCTCTACCAGA,7
AGCTTGAAGTCCCACG,8
AGCTTGAAGTGTCCCG,1
AGCTTGAGTAGAAGGA,1
AGCTTGAGTGTATGGG,0
AGCTTGATCCGTCATC,3
AGCTTGATCGCAGGCT,3
AGCTTGATCGGATGGA,2
AGGCCACAGAAGGGTA,3
AGGCCACAGCGTCAAG,5
AGGCCACCAAAGTGCG,5
AGGCCACCAGGTGCCT,4
AGGCCACCATCACGTA,1
AGGCCACGTAAGGATT,0
AGGCCACGTAGAGTGC,7
AGGCCACGTCGGGTCT,1
AGGCCACGTCTCTCTG,1
AGGCCACGTCTGCAAT,5
AGGCCACGTTGGAGGT,1
AGGCCACTCACGATGT,3
AGGCCGTAGAAACCAT,0
AGGCCGTAGCGTAATA,8
AGGCCGTAGGCTCATT,6
AGGCCGTAGGGATGGG,6
AGGCCGTCAACACCCG,4
AGGCCGTCAACACCTA,0
AGGCCGTCAGCCTATA,3
AGGCCGTGTGCACTTA,0
AGGCCGTGTGTGCCTG,0
AGGCCGTGTTACGGAG,1
AGGCCGTGTTGTCGCG,4
AGGCCGTTCTGAGTGT,7
AGGGAGTAGAAGATTC,2
AGGGAGTAGAGGGATA,0
AGGGAGTAGGCGACAT,3
AGGGAGTAGGTGATAT,0
AGGGAGTCAACTTGAC,1
AGGGAGTCACCCATTC,4
AGGGAGTGTAGCGCAA,2
AGGGAGTGTGCCTGCA,3
AGGGAGTGTTCCACGG,4
AGGGAGTGTTCTGTTT,4
AGGGAGTTCAGATAAG,1
AGGGAGTTCCGTACAA,1
AGGGATGAGAAGGTGA,0
AGGGATGAGTGAAGAG,7
AGGGATGAGTTTAGGA,7
AGGGATGCAACGATGG,6
AGGGATGCACGCTTTC,3
AGGGATGCATTGGTAC,5
AGGGATGGTCATTAGC,5
AGGGATGGTTACAGAA,2
AGGGATGTCACCAGGC,4
AGGGATGTCTTGTATC,0
AGGGTGAAGCTAGCCC,4
AGGGTGACAAATACAG,2
AGGGTGACAAGCGAGT,5
AGGGTGACAGCTGGCT,7
AGGGTGAGTGAGCGAT,7
AGGGTGAGTTCAGACT,3
AGGGTGAGTTGCGTTA,3
AGGGTGATCACAATGC,1
AGGGTGATCACGATGT,1
AGGGTGATCAGAGCTT,0
AGGGTGATCAGATAAG,0
AGGGTGATCCTCAACC,0
AGGGTGATCTCGATGA,4
AGGGTGATCTTGCCGT,0
AGGTCATAGACCCACC,1
AGGTCATAGACCTAGG,4
AGGTCATCACCAGGCT,0
AGGTCATCACCTGGTG,0
AGGTCATCATCGACGC,0
AGGTCATGTAGTACCT,1
AGGTCATGTTTACTCT,6
AGGTCATTCAGCTCGG,3
AGGTCATTCGGCGCTA,1
AGGTCCGAGCCCGAAA,7
AGGTCCGAGTACGATA,0
AGGTCCGAGTCGCCGT,2
AGGTCCGAGTGGCACA,4
AGGTCCGCATCCGTGG,1
AGGTCCGGTACTTCTT,1
AGGTCCGGTAGGGTAC,2
AGGTCCGGTCTAGCCG,2
AGGTCCGGTCTTGATG,2
AGGTCCGGTTACGACT,5
AGTAGTCAGAGTAATC,0
AGTAGTCAGCTGCCCA,0
AGTAGTCAGGCAATTA,0
AGTAGTCAGTAACCCT,0
AGTAGTCAGTAGTGCG,5
AGTAGTCCACCATGTA,0
AGTAGTCCACGGCGTT,0
AGTAGTCCAGCCTGTG,0
AGTAGTCCATCCGTGG,3
AGTAGTCCATGAACCT,2
AGTAGTCGTGGCAAAC,4
AGTAGTCGTTCGGGCT,0
AGTAGTCGTTGAGTTC,4
AGTAGTCGTTTGTGTG,0
AGTAGTCTCCGCGCAA,4
AGTAGTCTCTGGCGAC,4
AGTCTTTAGACACTAA,1
AGTCTTTAGAGAACAG,3
AGTCTTTAGTGTACGG,3
AGTCTTTCAAAGAATC,2
AGTCTTTGTTGATTGC,0
AGTCTTTTCCCGGATG,1
AGTCTTTTCGGTCTAA,3
AGTGAGGAGACGCTTT,7
AGTGAGGAGTGTTGAA,7
AGTGAGGCAGATCTGT,1
AGTGAGGGTCCAGTGC,5
AGTGAGGGTGAAGGCT,2
AGTGAGGGTTCCGGCA,1
AGTGAGGTCACGATGT,0
AGTGAGGTCAGAGACG,5
AGTGAGGTCCGTAGTA,0
AGTGAGGTCCTGCAGG,1
AGTGAGGTCGTGGACC,0
AGTGAGGTCTCTAGGA,1
AGTGGGAAGATCCCGC,9
AGTGGGAAGGACCACA,1
AGTGGGAAGTATCGAA,5
AGTGGGAGTAGGGACT,0
AGTGGGAGTCTCCACT,5
AGTGGGATCACCAGGC,3
AGTGGGATCCAAAGTC,7
AGTGGGATCTGGTTCC,0
AGTGTCAAGCCCAACC,1
AGTGTCAAGCTGCGAA,0
AGTGTCAAGTTATCGC,0
AGTGTCACACGAGGTA,2
AGTGTCACACGCCAGT,7
AGTGTCACAGCTCCGA,3
AGTGTCACAGTGAGTG,2
AGTGTCAGTATATCCG,0
AGTGTCAGTCAAAGAT,3
AGTGTCAGTCAACATC,4
AGTGTCAGTCACCCAG,1
AGTGTCATCACAGTAC,7
AGTGTCATCAGATAAG,6
AGTGTCATCCGGCACA,6
AGTGTCATCCTTGGTC,1
AGTGTCATCTCTTGAT,1
AGTTGGTAGCACGCCT,0
AGTTGGTAGGGAACGG,3
AGTTGGTCAAATTGCC,1
AGTTGGTCACGCCAGT,0
AGTTGGTCAGTTCATG,0
AGTTGGTGTACCGCTG,6
AGTTGGTGTGCCTGCA,0
AGTTGGTTCTCCAGGG,4
ATAACGCAGTGCAAGC,2
ATAACGCCACCGCTAG,8
ATAACGCCATACTACG,8
ATAACGCGTACAGTGG,7
ATAACGCGTCAGATAA,2
ATAACGCTCATACGGT,0
ATAAGAGAGAGTAATC,6
ATAAGAGAGCGACGTA,3
ATAAGAGAGCGTCAAG,0
ATAAGAGCAGAGCCAA,0
ATAAGAGCATTCCTGC,1
ATAAGAGTCACGCGGT,3
ATAAGAGTCATGCAAC,0
ATAAGAGTCATGCATG,1
ATAAGAGTCCGCGGTA,5
ATAGACCAGTTTAGGA,5
ATAGACCCAGGCTCAC,7
ATAGACCGTACGCTGC,2
ATAGACCGTTACGACT,5
ATAGACCTCACCTTAT,1
ATCACGAAGGCCCTCA,1
ATCACGACAAGTTGTC,2
ATCACGACATTTCACT,2
ATCACGATCGCTTAGA,8
ATCACGATCTTCGGTC,0
ATCATCTAGAGGTTGC,2
ATCATCTAGTTCCACA,5
ATCATCTCAGTGAGTG,3
ATCATCTGTATAGTAG,1
ATCATCTGTCTCTTAT,4
ATCATCTGTTGGTAAA,7
ATCATCTTCGGAGCAA,2
ATCATCTTCGGATGGA,0
ATCATCTTCTATCCCG,2
ATCATGGAGAATTCCC,0
ATCATGGAGACCACGA,1
ATCATGGAGTCATCCA,0
ATCATGGCACAGTCGC,3
ATCATGGCATAAAGGT,1
ATCATGGCATGACGGA,3
ATCATGGCATGCTAGT,10
ATCATGGCATGGGAAC,2
ATCATGGTCACGATGT,0
ATCATGGTCTGATACG,3
ATCCACCAGCACACAG,0
ATCCACCAGCCAGGAT,1
ATCCACCAGGCCCTCA,1
ATCCACCAGGCGTACA,6
ATCCACCCAGATCTGT,5
ATCCACCGTAAAGGAG,5
ATCCACCGTCTACCTC,6
ATCCACCGTCTCATCC,3
ATCCACCTCCCAACGG,7
ATCCACCTCCTCTAGC,5
ATCCACCTCGTCTGAA,9
ATCCACCTCTTGAGAC,1
ATCCGAACAAGCGTAG,4
ATCCGAACATGCGCAC,1
ATCCGAACATTACGAC,2
ATCCGAAGTATAATGG,5
ATCCGAAGTGATGTGG,1
ATCCGAAGTGGCGAAT,0
ATCCGAAGTTCTGGTA,8
ATCCGAATCACATACG,0
ATCGAGTAGAAGCCCA,7
ATCGAGTAGCTAAACA,0
ATCGAGTCAAAGGTGC,4
ATCGAGTCAAGCGATG,0
ATCGAGTGTCCTCCAT,3
ATCGAGTGTTACCAGT,0
ATCGAGTGTTAGAACA,5
ATCGAGTTCAGGCAAG,2
ATCGAGTTCATAGCAC,2
ATCGAGTTCATGCTCC,0
ATCTACTAGAGGTAGA,1
ATCTACTAGTTTCCTT,5
ATCTACTCAGCAGTTT,4
ATCTACTCAGCTCGAC,5
ATCTACTCATCTCCCA,2
ATCTACTGTTGCCTCT,0
ATCTACTTCACAGTAC,4
ATCTACTTCCAATGGT,2
ATCTACTTCGATCCCT,7
ATCTACTTCGCTAGCG,6
ATCTGCCAGGTACTCT,6
ATCTGCCAGTTCCACA,7
ATCTGCCCAAGAAGAG,6
ATCTGCCCACAACGTT,1
ATCTGCCGTCGACTGC,1
ATCTGCCGTCGCATAT,5
ATCTGCCGTGCCTGGT,1
ATCTGCCGTTACTGAC,4
ATCTGCCTCGAGCCCA,1
ATGAGGGAGAAGGTGA,5
ATGAGGGAGACCTTTG,1
ATGAGGGAGCTACCTA,3
ATGAGGGAGTGTACTC,7
ATGAGGGGTCTGCGGT,0
ATGAGGGGTGCACTTA,6
ATGAGGGGTTACAGAA,0
ATGAGGGTCCTCAATT,5
ATGAGGGTCGGCCGAT,5
ATGAGGGTCTTGTATC,1
ATGCGATAGAGCTGGT,3
ATGCGATAGATTACCC,1
ATGCGATAGCTGGAAC,6
ATGCGATAGGAACTGC,5
ATGCGATCAACTGCGC,0
ATGCGATCAAGCCATT,0
ATGCGATCACTTAACG,2
ATGCGATCAGCGTAAG,8
ATGCGATGTAAGTTCC,6
ATGCGATGTCTTGTCC,8
ATGCGATGTGAGGGTT,5
ATGCGATGTTACGACT,4
ATGCGATTCAACTCTT,8
ATGCGATTCGTCTGAA,0
ATGCGATTCTTTACAC,9
ATGGGAGAGACTGTAA,5
ATGGGAGAGGCAGGTT,1
ATGGGAGCAAAGGTGC,0
ATGGGAGCATCGTCGG,1
ATGGGAGGTGAGTATA,1
ATGGGAGGTGATGCCC,6
ATGGGAGGTTATCCGA,5
ATGGGAGGTTGGTAAA,0
ATGGGAGGTTTGTTTC,0
ATGGGAGTCAATCACG,8
ATGGGAGTCGCATGGC,1
ATGGGAGTCGCGCCAA,0
ATGGGAGTCTAACTTC,1
ATGTGTGAGAAGGCCT,0
ATGTGTGAGCTGAACG,4
ATGTGTGAGGGCACTA,0
ATGTGTGCATGCGCAC,8
ATGTGTGGTGGCCCTA,3
ATGTGTGTCAGCAACT,0
ATGTGTGTCGCATGAT,2
ATGTGTGTCTACCAGA,3
ATGTGTGTCTGTCTCG,6
ATTACTCAGAGCCTAG,0
ATTACTCAGATAGTCA,6
ATTACTCCAATGTTGC,1
ATTACTCCACCGCTAG,0
ATTACTCGTATAAACG,8
ATTACTCGTCTAGAGG,10
ATTACTCGTTACGGAG,0
ATTACTCTCAGCTGGC,1
ATTACTCTCGTAGGAG,1
ATTACTCTCGTTTATC,0
ATTACTCTCTCACATT,7
ATTATCCCACCCATGG,1
ATTATCCGTCTCTCTG,0
ATTATCCGTTCCGTCT,3
ATTATCCGTTGAGTTC,1
ATTCTACAGCCGTCGT,2
ATTCTACAGTTAAGTG,4
ATTCTACCAGCGTTCG,0
ATTCTACGTGATGATA,4
ATTCTACGTTAAAGTG,7
ATTCTACTCACCCGAG,1
ATTCTACTCACCGTAA,0
ATTCTACTCCAGTATG,5
ATTCTACTCCGAACGC,4
ATTCTACTCCGCATAA,5
ATTGGACAGGACACCA,1
ATTGGACCAATGACCT,5
ATTGGACCACCCATTC,0
ATTGGACCACGCTTTC,0
ATTGGACGTAAGAGAG,1
ATTGGACGTAGTGAAT,0
ATTGGACGTCTAGGTT,2
ATTGGTGAGATCGATA,8
ATTGGTGAGCCCAATT,0
ATTGGTGCAATGAATG,0
ATTGGTGCAGCGTTCG,5
ATTGGTGCAGGAATGC,1
ATTGGTGGTAACGACG,4
ATTGGTGGTACTCGCG,0
ATTGGTGGTTCCACTC,4
ATTGGTGTCTGGAGCC,0
ATTTCTGAGATATACG,1
ATTTCTGAGGGCTTCC,7
ATTTCTGAGTGTGGCA,0
ATTTCTGCAAGAGTCG,0
ATTTCTGCACCTCGTT,0
ATTTCTGGTACCGTTA,8
ATTTCTGGTCTTTCAT,6
ATTTCTGGTGCTGTAT,0
ATTTCTGTCCAAAGTC,2
ATTTCTGTCCTGCAGG,10
ATTTCTGTCGCGCCAA,0
CAACCAAAGACTTTCG,2
CAACCAAAGCTCCTCT,6
CAACCAACAAGTTCTG,2
CAACCAACAATGAAAC,2
CAACCAACACAGAGGT,1
CAACCAAGTAAGGGAA,3
CAACCAAGTCAGATAA,5
CAACCAAGTCCGTCAG,0
CAACCAAGTCTCTCGT,2
CAACCAATCATACGGT,6
CAACCTCAGACGACGT,1
CAACCTCAGCTGAACG,6
CAACCTCAGTTAGGTA,0
CAACCTCAGTTATCGC,3
CAACCTCCACAGCCCA,0
CAACCTCCACATGACT,3
CAACCTCCACTTCGAA,4
CAACCTCCAGATGGCA,3
CAACCTCCAGCTGGCT,0
CAACCTCCATCAGTCA,3
CAACCTCGTCTTGCGG,8
CAACCTCGTGACCAAG,4
CAACCTCTCTCGCATC,4
CAACTAGAGACCACGA,3
CAACTAGAGGCACATG,0
CAACTAGAGTCACGCC,2
CAACTAGCAGGGTTAG,0
CAACTAGCATTCCTCG,0
CAACTAGCATTGGTAC,4
CAACTAGGTCCATCCT,0
CAACTAGGTGAGCGAT,2
CAACTAGGTGTGACGA,1
CAACTAGGTTAAGATG,4
CAACTAGGTTCTGTTT,1
CAACTAGGTTTAGGAA,2
CAACTAGTCCCAGGTG,2
CAACTAGTCGCTTGTC,5
CAAGAAAAGCGTGAAC,2
CAAGAAAAGCTGCGAA,5
CAAGAAAGTATCGCAT,1
CAAGAAAGTCCGTGAC,1
CAAGAAAGTCGGCACT,1
CAAGAAATCAATACCG,4
CAAGAAATCCTCAATT,1
CAAGAAATCGCCGTGA,2
CAAGAAATCGGCGCAT,1
CAAGAAATCGGTGTTA,3
CAAGATCAGAGCTGGT,5
CAAGATCAGCACAGGT,0
CAAGATCAGGCTAGCA,4
CAAGATCAGTACGACG,2
CAAGATCAGTCACGCC,0
CAAGATCCACCGTTGG,2
CAAGATCGTCGTCTTC,2
CAAGATCGTGTTTGGT,5
CAAGATCTCTCCAACC,3
CAAGGCCAGAAACCTA,3
CAAGGCCAGTCGCCGT,1
CAAGGCCCAAAGGAAG,2
CAAGGCCCAGGACGTA,10
CAAGGCCCATGAAGTA,8
CAAGGCCCATGACGGA,0
CAAGGCCGTCCGAGTC,4
CAAGGCCGTCTAGTGT,0
CAAGGCCGTCTTCGTC,4
CAAGGCCGTGTAAGTA,2
CAAGGCCTCGCCTGTT,0
CAAGTTGAGAGGACGG,2
CAAGTTGAGTGGAGAA,1
CAAGTTGCAAGCCGCT,0
CAAGTTGCAGCGAACA,2
CAAGTTGGTGATGTCT,2
CAAGTTGGTGCGCTTG,3
CAAGTTGGTTTGTTGG,1
CAAGTTGTCAAGGTAA,2
CAAGTTGTCCGCGCAA,5
CACAAACAGACAGGCT,0
CACAAACAGAGCTTCT,2
CACAAACAGCTACCTA,0
CACAAACAGCTGCGAA,6
CACAAACCACCGCTAG,4
CACAAACCACGCCAGT,1
CACAAACCAGCTCCGA,0
CACAAACCATGAGCGA,0
CACAAACGTCACAAGG,7
CACAAACGTCAGAAGC,7
CACAAACGTCCGTTAA,3
CACAAACGTCGGCTCA,2
CACAAACGTGGCAAAC,0
CACAAACGTTCCGTCT,2
CACAAACGTTGCCTCT,0
CACAAACTCTGAGGGA,0
CACACAACATCCGGGT,0
CACACAACATGTCGAT,0
CACACAAGTCGATTGT,5
CACACAAGTGTATGGG,1
CACACAAGTTCCACGG,1
CACACAATCGTCCAGG,1
CACACAATCGTGGACC,6
CACACAATCTACTTAC,2
CACACCTAGACTTTCG,4
CACACCTAGCCCAACC,0
CACACCTAGTAGATGT,1
CACACCTCAGTATCTG,4
CACACCTGTAAATACG,7
CACACCTGTCACAAGG,8
CACACCTGTCACCCAG,3
CACACCTGTGAAATCA,0
CACACCTGTTCCACTC,0
CACACCTTCAACCATG,5
CACACCTTCGGTCCGA,6
CACACTCAGGAGTAGA,0
CACACTCAGGAGTTTA,2
CACACTCCACCCATGG,2
CACACTCCACTAAGTC,1
CACACTCCATCCGCGA,1
CACACTCCATGCAACT,0
CACACTCGTAAGTAGT,0
CACACTCTCAAAGTAG,8
CACACTCTCAACGCTA,2
CACACTCTCCCATTTA,1
CACAGGCAGAGGACGG,3
CACAGGCAGGATGGAA,0
CACAGGCAGGGTCGAT,0
CACAGGCCAATAAGCA,0
CACAGGCCATCTGGTA,1
CACAGGCGTGATGTGG,1
CACAGGCTCCACGACG,1
CACAGGCTCGTTACGA,1
CACAGGCTCTGGGCCA,0
CACAGTAAGACTAAGT,7
CACAGTAAGACTCGGA,8
CACAGTACAGCTTAAC,9
CACAGTAGTGATGTCT,3
CACAGTAGTGGAAAGA,0
CACAGTAGTTGTACAC,4
CACAGTAGTTTCCACC,1
CACAGTATCCTCAACC,1
CACAGTATCGCTAGCG,5
CACATAGAGAGCCCAA,0
CACATAGCAATCGAAA,4
CACATAGCACAACTGT,0
CACATAGCATGTTGAC,0
CACATAGGTTATGCGT,2
CACATAGGTTGATTCG,2
CACATAGGTTGCGTTA,0
CACATTTAGCCCAGCT,1
CACATTTAGTGCCATT,1
CACATTTAGTGTACCT,8
CACATTTCAAGAAGAG,3
CACATTTCACATGTGT,7
CACATTTCATCCGGGT,0
CACATTTCATTCCTGC,6
CACATTTGTAATCACC,0
CACATTTGTCAACATC,3
CACATTTGTCAGAAGC,5
CACATTTTCCACGTGG,1
CACCACTAGAGCTATA,0
CACCACTAGAGGGCTT,3
CACCACTAGCTAACAA,1
CACCACTAGGGTTTCT,1
CACCACTCACCACGTG,3
CACCACTCACTTCGAA,1
CACCACTCATGCAACT,2
CACCACTCATTACGAC,4
CACCACTGTCGAAAGC,4
CACCACTGTGTTTGTG,4
CACCACTTCACTCCTG,6
CACCAGGAGCGCTTAT,0
CACCAGGAGGGCTCTC,1
CACCAGGAGTGAATTG,0
CACCAGGCACCATCCT,0
CACCAGGCACCCAGTG,3
CACCAGGCACGGCCAT,1
CACCAGGCATAAAGGT,0
CACCAGGCATGTAGTC,0
CACCAGGCATGTTCCC,8
CACCAGGGTAAACACA,0
CACCAGGGTACATGTC,5
CACCAGGGTAGCCTAT,1
CACCAGGGTATGAATG,0
CACCAGGTCCTCAATT,1
CACCAGGTCTAACGGT,0
CACCTTGAGAGCTATA,8
CACCTTGCACATTCGA,2
CACCTTGCACATTTCT,5
CACCTTGCACGTTGGC,2
CACCTTGCATTCTCAT,3
CACCTTGGTGCTGTAT,2
CACCTTGTCGGAATCT,0
CACTCCAAGGAGCGTT,0
CACTCCACAGCGTAAG,2
CACTCCACATGATCCA,2
CACTCCAGTCTCGTTC,1
CACTCCAGTGCAACTT,0
CACTCCAGTGCTTCTC,8
CACTCCAGTTCACCTC,0
CACTCCAGTTTGTGTG,0
CACTCCATCGCTGATA,1
CACTCCATCTCAAGTG,1
CACTCCATCTCCAGGG,1
CAGAATCAGATGAGAG,2
CAGAATCAGGCCCGTT,3
CAGAATCAGTGTTAGA,2
CAGAATCCAGCCACCA,4
CAGAATCCAGCTTAAC,2
CAGAATCCATGCCTAA,2
CAGAATCGTAAGCACG,0
CAGAATCGTGTGACGA,7
CAGAATCGTTCCGTCT,4
CAGAATCTCATGCAAC,1
CAGAATCTCTGCGACG,0
CAGAATCTCTGGAGCC,7
CAGAGAGCACAACTGT,4
CAGAGAGCATATGGTC,0
CAGAGAGGTACCGGCT,3
CAGAGAGGTACGACCC,0
CAGAGAGGTACTCGCG,2
CAGAGAGGTATAGTAG,0
CAGAGAGGTCATGCAT,2
CAGAGAGGTGTTGAGG,0
CAGAGAGTCATGGTCA,1
CAGAGAGTCGGAGCAA,0
CAGATCAAGCAGGCTA,2
CAGATCACACAGACAG,0
CAGATCACACGGATAG,3
CAGATCACAGGGTACA,1
CAGATCACATAGGATA,6
CAGATCAGTCCGAACC,1
CAGATCATCAAGGCTT,8
CAGATCATCATATCGG,0
CAGATCATCCGCGGTA,1
CAGATCATCCGTAGGC,1
CAGATCATCCTGCCAT,2
CAGATCATCTATCCTA,1
CAGATCATCTCTGAGA,4
CAGCAGCAGAGTACCG,0
CAGCAGCAGATGTTAG,2
CAGCAGCAGCCAGTAG,2
CAGCAGCAGCGTAATA,4
CAGCAGCAGGGCTTGA,5
CAGCAGCCAATGGTCT,2
CAGCAGCGTTGGGACA,2
CAGCATAAGCCACGTC,3
CAGCATAAGCTGATAA,6
CAGCATACAAGCTGGA,5
CAGCATACACCTGGTG,0
CAGCATACAGCTGCAC,3
CAGCATAGTCACCCAG,5
CAGCATAGTCCGAATT,1
CAGCATATCGGCATCG,5
CAGCCGAAGTGTTAGA,1
CAGCCGACAAGCCTAT,4
CAGCCGACACAAGACG,2
CAGCCGACACATCCAA,6
CAGCCGACACGGTGTC,2
CAGCCGACATGTAAGA,0
CAGCCGAGTGACGCCT,6
CAGCCGATCGCAAGCC,1
CAGCCGATCGCAGGCT,0
CAGCGACAGAAACCAT,0
CAGCGACAGGATTCGG,0
CAGCGACAGTGAAGTT,8
CAGCGACCAATCTGCA,3
CAGCGACCACACATGT,2
CAGCGACCACAGTCGC,1
CAGCGACCACCGTTGG,4
CAGCGACCATACTCTT,0
CAGCGACCATTCTTAC,1
CAGCGACCATTGAGCT,0
CAGCGACGTAAGTGGC,4
CAGCGACGTGCAGGTA,3
CAGCGACTCACCCGAG,0
CAGCGACTCCCTAACC,4
CAGCTAAAGGAGCGTT,7
CAGCTAAAGGTACTCT,6
CAGCTAACAGACGCTC,0
CAGCTAACAGAGTGTG,4
CAGCTAACAGTGGGAT,7
CAGCTAACATTCCTCG,10
CAGCTAAGTCATACTG,10
CAGCTAAGTCCATGAT,8
CAGCTAAGTCTAGCGC,6
CAGCTAAGTCTTCTCG,8
CAGCTAAGTGCGAAAC,0
CAGCTAAGTGGCGAAT,6
CAGCTAAGTTAAGTAG,0
CAGCTAATCACGACTA,1
CAGCTAATCGGAGGTA,0
CAGCTGGAGAGCTATA,1
CAGCTGGAGCTAGCCC,2
CAGCTGGAGGTACTCT,7
CAGCTGGCAATGGAGC,0
CAGCTGGCACGAAAGC,2
CAGCTGGGTAAGGGCT,6
CAGCTGGGTATCACCA,2
CAGCTGGGTTAAGAAC,6
CAGCTGGTCCTTGCCA,4
CAGGTGCAGACTAAGT,3
CAGGTGCAGCTGCAAG,2
CAGGTGCAGTTGTAGA,1
CAGGTGCCAACACCTA,7
CAGGTGCCAAGCCGCT,0
CAGGTGCGTCCATGAT,1
CAGGTGCGTCCGAACC,6
CAGGTGCGTTCCGGCA,3
CAGGTGCTCAGCGACC,0
CAGGTGCTCTGAGTGT,7
CAGGTGCTCTGTGCAA,2
CAGTAACCACGAAAGC,0
CAGTAACCAGCCACCA,2
CAGTAACGTACAGCAG,2
CAGTAACGTCCCTACT,1
CAGTAACGTGATGTGG,6
CAGTAACTCAAAGACA,5
CAGTAACTCACGCGGT,4
CAGTAACTCGGACAAG,2
CAGTAACTCTACTCAT,1
CAGTCCTAGGATGTAT,1
CAGTCCTAGTGCGATG,0
CAGTCCTCAAGCGATG,2
CAGTCCTCAGGTCGTC,0
CAGTCCTGTAAATGAC,2
CAGTCCTGTCGATTGT,7
CAGTCCTGTGACCAAG,2
CAGTCCTTCGAGAGCA,0
CAGTCCTTCGTGGTCG,0
CAGTCCTTCTAACCGA,2
CAGTCCTTCTCAAGTG,1
CAGTCCTTCTCACATT,0
CAGTCCTTCTGCTTGC,0
CAGTCCTTCTGTCCGT,1
CAGTCCTTCTTGTTTG,0
CATATGGAGAGTACAT,0
CATATGGAGGTGATTA,5
CATATGGAGTACACCT,1
CATATGGCACTATCTT,5
CATATGGGTCAATGTC,2
CATATGGGTGTCGCTG,1
CATATGGGTTGAGGTG,2
CATATGGTCCGATATG,0
CATATGGTCGATGAGG,1
CATATGGTCTACTTAC,2
CATATTCAGATAGCAT,1
CATATTCAGTGCAAGC,1
CATATTCAGTTACGGG,3
CATATTCCAGGATCGA,1
CATATTCCATCCAACA,6
CATATTCGTATCGCAT,2
CATATTCGTCCGTGAC,2
CATATTCGTGCGATAG,4
CATATTCGTGTGACGA,0
CATATTCGTGTGGCTC,10
CATATTCGTTCCATGA,1
CATATTCTCCTTCAAT,0
CATATTCTCTCGTATT,0
CATATTCTCTTCAACT,6
CATCAAGAGCGTAGTG,4
CATCAAGAGGCTAGGT,1
CATCAAGAGGGCTCTC,0
CATCAAGAGGGTGTTG,2
CATCAAGCACATTAGC,6
CATCAAGGTCAAACTC,4
CATCAAGGTCGGCTCA,0
CATCAGAAGTACGTAA,0
CATCAGAAGTGTGAAT,3
CATCAGACAAGCCGCT,3
CATCAGACAGTCCTTC,0
CATCAGACATCGGAAG,8
CATCAGAGTAAGTAGT,2
CATCAGAGTCAGTGGA,2
CATCAGATCGACAGCC,0
CATCCACAGAAACCGC,7
CATCCACAGAAACGCC,2
CATCCACCACATAACC,3
CATCCACCACCATCCT,0
CATCCACCATACGCTA,7
CATCCACGTCAACTGT,3
CATCCACGTCTAACGT,1
CATCCACGTCTAGGTT,0
CATCCACGTCTTCTCG,4
CATCCACGTGTTAAGA,5
CATCCACTCACCTCGT,1
CATCGAACAAATACAG,1
CATCGAACACGAAGCA,4
CATCGAACAGTCAGAG,5
CATCGAAGTCTCAACA,1
CATCGAATCAATCACG,5
CATCGAATCGCCTGAG,6
CATCGAATCGGAGGTA,0
CATCGAATCTGCTGCT,0
CATCGGGAGCGTGAAC,3
CATCGGGAGTCGCCGT,1
CATCGGGCAAGTACCT,0
CATCGGGCACCGATAT,6
CATCGGGCAGTAACGG,0
CATCGGGTCTGGAGCC,0
CATGACACAAGCTGGA,0
CATGACACATGATCCA,1
CATGACAGTAAAGGAG,3
CATGACAGTTTGTTGG,0
CATGACATCACTATTC,0
CATGACATCAGTACGT,0
CATGACATCCAAACAC,3
CATGACATCCTCGCAT,7
CATGACATCTGCAGTA,2
CATGCCTAGCTAGTCT,0
CATGCCTAGCTATGCT,1
CATGCCTCACATAACC,0
CATGCCTCACCCTATC,0
CATGCCTCACGGCTAC,1
CATGCCTCATCGATGT,6
CATGCCTCATCTACGA,0
CATGCCTCATGCCTTC,8
CATGCCTGTAATAGCA,0
CATGCCTGTCTCAACA,1
CATGCCTTCAAAGACA,4
CATGCCTTCAGCACAT,5
CATGCCTTCCAGTATG,2
CATGCCTTCTACTTAC,2
CATGGCGAGAAAGTGG,7
CATGGCGAGGCGACAT,7
CATGGCGCATATACCG,7
CATGGCGCATTGTGCA,5
CATGGCGGTCAAAGAT,6
CATGGCGGTCGGCTCA,0
CATGGCGTCCCATTAT,0
CATGGCGTCTTGTTTG,0
CATTATCAGCGATCCC,0
CATTATCCAAAGCAAT,6
CATTATCGTCAAACTC,4
CATTATCGTGAAATCA,0
CATTATCTCCTACAGA,6
CATTCGCAGAAGGGTA,4
CATTCGCAGCCAGGAT,3
CATTCGCAGCGAAGGG,4
CATTCGCAGTATTGGA,10
CATTCGCAGTGGTAAT,1
CATTCGCAGTTAAGTG,0
CATTCGCCACACATGT,8
CATTCGCCACATCCAA,0
CATTCGCCATAAAGGT,3
CATTCGCCATGACATC,1
CATTCGCCATGTCGAT,2
CATTCGCGTACCGGCT,1
CATTCGCGTAGAGGAA,6
CATTCGCGTATCAGTC,1
CATTCGCGTCCAACTA,1
CATTCGCGTGATAAGT,1
CATTCGCGTTCCCTTG,3
CATTCGCTCTGCTGTC,6
CCAATCCAGACCACGA,4
CCAATCCAGCAGACTG,1
CCAATCCCAAACGTGG,4
CCAATCCCAAAGAATC,2
CCAATCCCACGTGAGA,2
CCAATCCCAGCTCCGA,4
CCAATCCCATGAGCGA,2
CCAATCCGTAGCAAAT,5
CCAATCCTCTCGCTTG,4
CCAATCCTCTGGAGCC,8
CCACCTAAGGGATCTG,0
CCACCTAAGTGCGTGA,0
CCACCTAGTAGGGACT,6
CCACCTAGTCGCGTGT,0
CCACCTAGTGCTGTAT,1
CCACCTATCATCGCTC,7
CCACCTATCTCGTATT,1
CCACCTATCTGTTTGT,5
CCACGGAAGATAGTCA,1
CCACGGACAATTGCTG,7
CCACGGACAGGTGGAT,0
CCACGGACATCACCCT,5
CCACGGACATGTCCTC,1
CCACGGAGTAGCGATG,0
CCACGGAGTCGACTGC,4
CCACGGAGTCGCGTGT,3
CCACGGATCACGAAGG,1
CCACGGATCACGCATA,1
CCACGGATCCGTCAAA,5
CCACTACAGCAACGGT,0
CCACTACAGCTGTTCA,10
CCACTACCAATCCAAC,0
CCACTACCAATCTGCA,2
CCACTACCATTCGACA,1
CCACTACGTACAGACG,7
CCACTACGTTGCGCAC,1
CCACTACTCTAACTTC,2
CCAGCGAAGACACGAC,0
CCAGCGAAGCTATGCT,0
CCAGCGAAGGATGGAA,0
CCAGCGACAGTCTTCC,1
CCAGCGAGTCATCCCT,1
CCAGCGAGTCCGTCAG,1
CCAGCGAGTCTCACCT,0
CCAGCGATCGTAGGTT,0
CCAGCGATCTTGCATT,0
CCATGTCAGCATGGCA,7
CCATGTCAGGCATGGT,0
CCATGTCAGTGTCCCG,0
CCATGTCCAAGTCTAC,2
CCATGTCGTAGAGCTG,0
CCATGTCGTCACCCAG,4
CCATGTCGTCGTTGTA,7
CCATGTCTCGCATGGC,6
CCATGTCTCGCTGATA,2
CCATGTCTCTTCAACT,2
CCATTCGAGTGCGATG,1
CCATTCGCACATTTCT,8
CCATTCGCACGGCTAC,4
CCATTCGCAGTAAGAT,4
CCATTCGCAGTAGAGC,4
CCATTCGCATACGCTA,7
CCATTCGGTCTAACGT,6
CCATTCGGTGCAGGTA,0
CCATTCGGTTAGATGA,3
CCATTCGGTTCCCGAG,8
CCATTCGTCGCCCTTA,3
CCATTCGTCTGTGCAA,3
CCCAATCAGTGGAGTC,1
CCCAATCCAGAAGCAC,0
CCCAATCGTCAGAATA,8
CCCAATCGTCTACCTC,3
CCCAATCTCATGCTCC,4
CCCAATCTCCTGCTTG,3
CCCAATCTCTCTGCTG,0
CCCAGTTAGGCCCTCA,1
CCCAGTTCAAATTGCC,3
CCCAGTTCACAGCGTC,6
CCCAGTTCACATAACC,2
CCCAGTTCACATTCGA,1
CCCAGTTCAGCCAATT,0
CCCAGTTCATCTATGG,0
CCCAGTTGTATCACCA,8
CCCAGTTGTTGAGTTC,3
CCCAGTTTCATGCATG,1
CCCAGTTTCTTCAACT,1
CCCATACAGACGCAAC,7
CCCATACAGTAGTGCG,3
CCCATACCAGACGCTC,0
CCCATACCAGTTAACC,8
CCCATACGTGGGTATG,4
CCCATACTCGCTTGTC,3
CCCATACTCTGACCTC,0
CCCTCCTAGTCGTACT,2
CCCTCCTAGTTAAGTG,2
CCCTCCTGTGCAACTT,0
CCCTCCTGTGTTGGGA,0
CCCTCCTTCAAGCCTA,0
CCCTCCTTCATCATTC,1
CCCTCCTTCCCAGGTG,5
CCGGGATAGAAACCTA,1
CCGGGATAGCACAGGT,0
CCGGGATAGCCAGTAG,0
CCGGGATAGTCCAGGA,4
CCGGGATCAGACGCAA,0
CCGGGATCAGATCCAT,1
CCGGGATCAGGACGTA,5
CCGGGATGTCGTTGTA,3
CCGGGATTCAGGTTCA,0
CCGGGATTCATTCACT,4
CCGGTAGAGGATCGCA,0
CCGGTAGTCACGATGT,1
CCGGTAGTCCAGATCA,4
CCGTACTAGCCACTAT,6
CCGTACTAGGTGATAT,8
CCGTACTAGGTGTTAA,0
CCGTACTAGTCCGTAT,0
CCGTACTCACGGTGTC,8
CCGTACTCATTGGCGC,2
CCGTACTTCAACTCTT,2
CCGTACTTCCTCAATT,6
CCGTACTTCGGACAAG,3
CCGTGGAAGATCCCAT,4
CCGTGGAAGATGCCAG,6
CCGTGGAAGCGTCTAT,1
CCGTGGAAGGACAGAA,1
CCGTGGAGTCCGCTGA,0
CCGTGGAGTCGGGTCT,0
CCGTGGAGTGGGTCAA,1
CCGTTCAAGAGCCTAG,0
CCGTTCAAGCGAAGGG,1
CCGTTCAAGCTAAACA,7
CCGTTCACAGTTCCCT,2
CCGTTCACATCGGACC,3
CCGTTCACATTAGGCT,0
CCGTTCAGTCTTCAAG,2
CCGTTCATCATGCTCC,5
CCGTTCATCGCGTAGC,2
CCGTTCATCTCGTTTA,1
CCTAAAGAGCTGGAAC,4
CCTAAAGCAAGCGATG,3
CCTAAAGCAGACGCCT,0
CCTAAAGGTAGCTAAA,1
CCTAAAGGTCCATGAT,0
CCTAAAGGTCGTGGCT,5
CCTAAAGGTGCAACGA,2
CCTAAAGTCTCTGTCG,3
CCTACACAGAATCTCC,8
CCTACACCAAGTCTAC,3
CCTACACCATGGTAGG,0
CCTACACGTACATCCA,0
CCTACACGTAGGGTAC,4
CCTACACGTGTCGCTG,2
CCTACACTCATTTGGG,0
CCTACACTCCGAGCCA,7
CCTACACTCCTCAACC,4
CCTACACTCGTAGGTT,1
CCTACACTCTGTCTCG,0
CCTACCAAGAAACCGC,3
CCTACCAAGACAGACC,1
CCTACCAAGCACACAG,2
CCTACCACATACTACG,8
CCTACCACATATGGTC,0
CCTACCACATTTCAGG,4
CCTACCAGTCCTCCAT,4
CCTACCAGTCTCCCTA,0
CCTACCAGTGCCTGTG,5
CCTACCAGTTTCCACC,3
CCTACCATCGTAGGAG,8
CCTAGCTAGCCAGGAT,6
CCTAGCTAGTGGCACA,1
CCTAGCTAGTGGGCTA,7
CCTAGCTCAGATGGCA,0
CCTAGCTCAGCGATCC,6
CCTAGCTGTAGAGGAA,3
CCTAGCTGTGTGGTTT,1
CCTAGCTGTTGTGGCC,0
CCTATTAAGAGCTTCT,0
CCTATTAAGATGTGTA,2
CCTATTAAGCGTCAAG,2
CCTATTAAGTGAAGAG,0
CCTATTACAACACCTA,6
CCTATTACAATGAATG,1
CCTATTACACAGCGTC,6
CCTATTACATCCAACA,7
CCTATTAGTTACCGAT,0
CCTATTATCAACCAAC,1
CCTATTATCACGCATA,1
CCTATTATCGCCCTTA,7
CCTATTATCGCTGATA,3
CCTATTATCGTAGGAG,0
CCTATTATCGTGGACC,4
CCTCAGTAGAAGGACA,3
CCTCAGTAGAGACTTA,3
CCTCAGTAGAGGTAGA,6
CCTCAGTAGGGTCTCC,2
CCTCAGTCACATCCGG,1
CCTCAGTGTCTAGAGG,5
CCTCAGTGTGACAAAT,0
CCTCAGTGTTAGGGTG,1
CCTCAGTTCAGAAATG,0
CCTCTGAAGAGACTAT,2
CCTCTGAAGGTTCCTA,6
CCTCTGAAGTACGTTC,3
CCTCTGACAACAACCT,0
CCTCTGACAGATAATG,0
CCTCTGACAGCCTTGG,2
CCTCTGACAGTGACAG,0
CCTCTGAGTAATCACC,2
CCTCTGAGTGGCTCCA,3
CCTCTGATCGAACGGA,6
CCTCTGATCGACGGAA,3
CCTTACGAGAAGATTC,0
CCTTACGAGGGTTCCC,4
CCTTACGCACGCATCG,4
CCTTACGGTCACCCAG,3
CCTTACGGTCTCTTAT,2
CCTTACGGTTCGAATC,3
CCTTACGTCAAGGCTT,8
CCTTACGTCCTTGGTC,1
CCTTACGTCGAGAGCA,0
CCTTCCCAGCAGGCTA,1
CCTTCCCAGGTGTTAA,4
CCTTCCCCAATACGCT,0
CCTTCCCCAATGTTGC,9
CCTTCCCCACTTCTGC,0
CCTTCCCGTACACCGC,0
CCTTCCCTCATTGCGA,3
CCTTCGAAGACCTAGG,4
CCTTCGAAGCGAAGGG,0
CCTTCGAAGGACAGCT,0
CCTTCGACACACCGAC,4
CCTTCGACACTGTTAG,4
CCTTCGACAGACGTAG,7
CCTTCGACAGGGATTG,1
CCTTCGAGTTAAAGAC,1
CCTTCGATCAATAAGG,4
CCTTCGATCAGCAACT,2
CCTTCGATCCACGACG,1
CCTTCGATCTCACATT,3
CCTTTCTAGACAATAC,0
CCTTTCTAGAGAGCTC,0
CCTTTCTAGGACAGAA,4
CCTTTCTCAATGGATA,1
CCTTTCTGTCCAACTA,0
CCTTTCTTCCGAACGC,0
CGAACATAGATGCCTT,1
CGAACATAGCGTTGCC,2
CGAACATAGCTAGCCC,8
CGAACATAGGGCACTA,1
CGAACATAGTGGTAAT,5
CGAACATAGTGTCCCG,0
CGAACATAGTGTTTGC,2
CGAACATCAAAGAATC,0
CGAACATCAAGGGTCA,0
CGAACATCACGCCAGT,0
CGAACATCAGCCTTTC,3
CGAACATCAGTAAGCG,8
CGAACATCAGTGGGAT,2
CGAACATCATTGAGCT,3
CGAACATGTAAACACA,5
CGAATGTAGACAGGCT,1
CGAATGTAGAGCTGGT,3
CGAATGTAGAGTCGGT,1
CGAATGTAGGGAGTAA,2
CGAATGTCAATGGTCT,0
CGAATGTCACACCGAC,4
CGAATGTCACAGTCGC,2
CGAATGTGTAATCACC,3
CGAATGTGTACAGACG,4
CGAATGTGTGTAACGG,1
CGAATGTGTTGTGGAG,4
CGAATGTGTTTCCACC,0
CGAATGTTCATCGATG,8
CGAATGTTCCCACTTG,0
CGAATGTTCCTTTCTC,7
CGAATGTTCGACCAGC,7
CGAATGTTCTTACCTA,0
CGACCTTAGTGTACGG,2
CGACCTTCAACGATGG,2
CGACCTTCACGGATAG,10
CGACCTTCACTCAGGC,5
CGACCTTGTATAAACG,0
CGACCTTTCACGCGGT,3
CGACCTTTCTCTAAGG,5
CGACTTCAGGATTCGG,7
CGACTTCCAGGAATGC,1
CGACTTCCATGCTAGT,3
CGACTTCGTTCGCTAA,2
CGACTTCTCAAACAAG,2
CGACTTCTCCAGATCA,5
CGAGAAGAGGAATTAC,0
CGAGAAGCAGCATACT,5
CGAGAAGCATGGTCTA,4
CGAGAAGCATTCCTCG,0
CGAGAAGGTTCAGGCC,6
CGAGAAGGTTCTGAAC,0
CGAGAAGGTTGTACAC,6
CGAGAAGTCAAACCAC,1
CGAGAAGTCCTTGACC,1
CGAGAAGTCTTGTCAT,3
CGAGCACGTGAGTATA,6
CGAGCACGTGTGGTTT,5
CGAGCACTCTACTATC,1
CGAGCCAAGAGACGAA,2
CGAGCCACACGGCCAT,0
CGAGCCAGTCAGCTAT,0
CGAGCCAGTGTAATGA,1
CGAGCCATCAACTCTT,2
CGAGCCATCTACCTGC,0
CGATCGGAGCCAGTTT,5
CGATCGGAGGCTACGA,0
CGATCGGCAACTGCGC,0
CGATCGGCACCCAGTG,4
CGATCGGCACGGATAG,1
CGATCGGCACTTCTGC,7
CGATCGGCAGAAGCAC,10
CGATCGGCATTCACTT,0
CGATCGGGTAGTGAAT,6
CGATCGGGTCCGTTAA,2
CGATCGGGTGCGAAAC,5
CGATCGGGTGTTGGGA,2
CGATCGGTCCTCTAGC,2
CGATCGGTCTATCCCG,2
CGATGGCAGGACATTA,7
CGATGGCCACACATGT,5
CGATGGCGTCAACTGT,0
CGATGGCTCGTCCAGG,2
CGATGTAAGCCACTAT,0
CGATGTAAGCGCCTCA,10
CGATGTACACAGACTT,3
CGATGTACAGCTCGCA,4
CGATGTACAGGTGCCT,6
CGATGTAGTAGCGATG,10
CGATGTAGTTCGTTGA,8
CGATGTATCGGAAACG,7
CGATTGAAGTCATGCT,0
CGATTGACACGGCGTT,7
CGATTGAGTAATCACC,8
CGATTGAGTGTTGGGA,3
CGATTGAGTTCGTTGA,8
CGATTGATCAGCTTAG,0
CGATTGATCAGTACGT,0
CGATTGATCATAAAGG,1
CGATTGATCCATGAAC,0
CGATTGATCTAACGGT,2
CGCCAAGAGCGTAATA,2
CGCCAAGAGGGTATCG,2
CGCCAAGCACCGGAAA,1
CGCCAAGCAGCTTAAC,0
CGCCAAGCAGTATGCT,8
CGCCAAGGTGGTGTAG,1
CGCCAAGTCGGCGGTT,0
CGCGGTAAGAAGGCCT,6
CGCGGTAAGCAACGGT,0
CGCGGTACAATCCGAT,6
CGCGGTACACAACTGT,1
CGCGGTACAGGTCGTC,1
CGCGGTAGTCTCTCGT,2
CGCGGTAGTGCGGTAA,7
CGCGGTAGTGGTACAG,6
CGCGGTAGTGTGGCTC,7
CGCGGTAGTTTGCATG,2
CGCGGTATCCCTAATT,6
CGCGGTATCTTACCTA,0
CGCGTTTAGGCTAGCA,10
CGCGTTTAGTGAACGC,2
CGCGTTTCAAGCCTAT,0
CGCGTTTCAAGCGTAG,5
CGCGTTTCACACCGAC,2
CGCGTTTCATTGTGCA,0
CGCGTTTGTCTAAAGA,0
CGCGTTTTCGCCCTTA,5
CGCTATCCACCACGTG,2
CGCTATCCATCGATGT,1
CGCTATCCATGTCCTC,6
CGCTATCCATTCCTCG,0
CGCTATCGTAGGCATG,2
CGCTATCGTCAAAGCG,2
CGCTATCGTTCAGTAC,7
CGCTATCTCCAAGTAC,5
CGCTATCTCTTGTACT,8
CGCTGGAAGCCAACAG,4
CGCTGGAAGCGATATA,4
CGCTGGAAGCGCCTCA,0
CGCTGGACACTAAGTC,1
CGCTGGACAGTTTACG,3
CGCTGGACATGTAGTC,6
CGCTGGAGTACTCGCG,1
CGCTGGAGTCTAGTCA,2
CGCTGGATCAAAGTAG,2
CGCTGGATCAAGCCTA,0
CGCTGGATCCGATATG,1
CGCTGGATCGACCAGC,2
CGCTGGATCGGCGGTT,0
CGCTGGATCTAACCGA,3
CGCTTCAAGAAGAAGC,2
CGCTTCAAGGTGTTAA,4
CGCTTCACAACGCACC,6
CGCTTCACACATCCGG,0
CGCTTCACAGCCAGAA,2
CGCTTCAGTCGTCTTC,3
CGCTTCAGTCTGGAGA,0
CGCTTCATCAACACTG,3
CGGACACAGCTCCCAG,1
CGGACACCATCCGGGT,2
CGGACACGTATAGTAG,7
CGGACACGTATTAGCC,0
CGGACACGTCATGCAT,3
CGGACACGTGATGCCC,0
CGGACACGTGTGAATA,9
CGGACACGTTATGCGT,0
CGGACACTCAACACAC,7
CGGACACTCCCTAATT,6
CGGACACTCTAACGGT,0
CGGACGTAGACTGGGT,1
CGGACGTCACGAGGTA,6
CGGACGTGTACAGTGG,1
CGGACGTGTAGGCTGA,6
CGGACGTGTCGGATCC,1
CGGACGTGTGTGAAAT,6
CGGACGTTCAGCGATT,1
CGGACGTTCTCCAACC,5
CGGACGTTCTTCAACT,5
CGGACGTTCTTGGGTA,3
CGGACTGAGCGAGAAA,3
CGGACTGAGCGCCTTG,4
CGGACTGGTACGAAAT,2
CGGACTGGTCGACTAT,2
CGGACTGGTGCGAAAC,4
CGGACTGGTTGCGCAC,6
CGGACTGTCGCAGGCT,6
CGGACTGTCTACCTGC,6
CGGACTGTCTTAGCCC,1
CGGAGCTAGATCTGCT,7
CGGAGCTAGGTGCAAC,1
CGGAGCTAGGTGCACA,1
CGGAGCTAGGTGCTAG,0
CGGAGCTCAAACAACA,8
CGGAGCTCAACACCTA,4
CGGAGCTCAAGCCGTC,3
CGGAGCTCACAAGACG,2
CGGAGCTCACATCCAA,0
CGGAGCTCACCGAAAG,3
CGGAGCTCAGGCAGTA,2
CGGAGCTCATGAACCT,1
CGGAGCTGTAGCGCAA,1
CGGAGCTGTTCAGGCC,7
CGGAGCTTCCAGTAGT,5
CGGAGCTTCTCCAGGG,8
CGGAGTCAGACAGACC,7
CGGAGTCAGAGTTGGC,6
CGGAGTCAGATCACGG,4
CGGAGTCAGCTGGAAC,4
CGGAGTCGTCTAACGT,8
CGGAGTCTCACAAACC,7
CGGAGTCTCAGCGACC,1
CGGAGTCTCCTAGTGA,9
CGGAGTCTCGCTTAGA,2
CGGAGTCTCTCATTCA,3
CGGAGTCTCTTGTCAT,0
CGGCTAGAGATGAGAG,2
CGGCTAGCACGAGGTA,5
CGGCTAGCATACTCTT,0
CGGCTAGCATCCAACA,0
CGGCTAGGTAAGTGTA,1
CGGCTAGGTAATCACC,4
CGGCTAGGTAGCCTAT,0
CGGCTAGGTCACCCAG,1
CGGCTAGGTCTTCAAG,6
CGGCTAGGTGGGTATG,4
CGGCTAGGTTAAAGAC,8
CGGCTAGGTTCTGTTT,0
CGGCTAGTCATCTGCC,0
CGGCTAGTCTGTTTGT,6
CGGGTCAAGACTAGAT,7
CGGGTCAAGCTTATCG,9
CGGGTCAAGGCAAAGA,3
CGGGTCAAGTGGAGAA,0
CGGGTCACAAAGCGGT,1
CGGGTCACACAACGCC,4
CGGGTCACACAAGCCC,0
CGGGTCACACCCTATC,1
CGGGTCACATGACGGA,3
CGGGTCACATGCTGGC,1
CGGGTCAGTAGGCTGA,2
CGGGTCAGTGAGGGTT,8
CGGGTCAGTGCCTGCA,1
CGGGTCATCGCACTCT,2
CGGGTCATCTTAACCT,4
CGGTTAAAGAATAGGG,7
CGGTTAAAGAGGTACC,0
CGGTTAAAGATCCCGC,1
CGGTTAAAGGAACTGC,1
CGGTTAACAAAGTCAA,3
CGGTTAACAGTAAGCG,8
CGGTTAACATGTCCTC,7
CGGTTAAGTGAACCTT,2
CGGTTAATCAACGAAA,0
CGGTTAATCAGGTAAA,0
CGGTTAATCGCGCCAA,1
CGGTTAATCTCGATGA,1
CGGTTAATCTTGCCGT,1
CGTAGCGAGGGATACC,0
CGTAGCGAGTCGAGTG,2
CGTAGCGCAATGAATG,7
CGTAGCGCAGACGCCT,0
CGTAGCGCAGGATTGG,6
CGTAGCGCAGGCAGTA,0
CGTAGCGGTGGACGAT,3
CGTAGCGGTTAGATGA,0
CGTAGCGTCATGGTCA,0
CGTAGCGTCGTCCAGG,1
CGTAGGCAGACACGAC,1
CGTAGGCAGAGCTGGT,1
CGTAGGCAGCCGATTT,0
CGTAGGCAGTGGTCCC,3
CGTAGGCCAGGTTTCA,10
CGTAGGCGTAAGGGAA,1
CGTAGGCTCCTACAGA,0
CGTCACTAGAGTAATC,6
CGTCACTAGCAAATCA,2
CGTCACTCATACTCTT,0
CGTCACTGTGACGCCT,0
CGTCACTGTGTTTGTG,6
CGTCACTGTTATGCGT,1
CGTCACTGTTCTGAAC,5
CGTCACTTCAGTCAGT,6
CGTCAGGAGGCGTACA,0
CGTCAGGAGTGATCGG,6
CGTCAGGAGTGCGATG,5
CGTCAGGCAAACTGCT,3
CGTCAGGCAAAGTCAA,1
CGTCAGGCAATCCGAT,2
CGTCAGGCATACTCTT,2
CGTCAGGCATCGTCGG,4
CGTCAGGCATGCCCGA,5
CGTCAGGCATGTTGAC,6
CGTCAGGCATTATCTC,0
CGTCAGGGTAGCTAAA,1
CGTCAGGGTCAGAAGC,5
CGTCAGGTCCACTCCA,1
CGTCAGGTCCTGTACC,1
CGTCCATAGTGGGCTA,6
CGTCCATCATGTCCTC,0
CGTCCATCATTGAGCT,7
CGTCCATGTAAGGATT,3
CGTCCATGTGGCGAAT,1
CGTCCATGTTCGCTAA,2
CGTCCATTCAACACGT,4
CGTCCATTCTCGCATC,0
CGTCTACAGAGCAATT,4
CGTCTACAGCTGCAAG,6
CGTCTACAGGATGCGT,0
CGTCTACCACGAAACG,1
CGTCTACCACGAAGCA,1
CGTCTACGTTCCGGCA,6
CGTCTACTCATGTGGT,7
CGTCTACTCCTAGAAC,0
CGTCTACTCGAGGTAG,0
CGTGAGCAGATATGGT,0
CGTGAGCAGTCAAGCG,3
CGTGAGCCAAGGACAC,2
CGTGAGCCAATCGGTT,2
CGTGAGCGTAAGCACG,5
CGTGAGCTCGGCATCG,8
CGTGAGCTCTGTGCAA,3
CGTGAGCTCTTGTACT,6
CGTGTAAAGCGATCCC,2
CGTGTAAAGCGGATCA,1
CGTGTAAAGCTAACAA,1
CGTGTAAAGCTTCGCG,4
CGTGTAAAGTCGATAA,3
CGTGTAACAACTTGAC,4
CGTGTAACAAGCTGGA,0
CGTGTAACAGCATACT,2
CGTGTAAGTGAACCTT,2
CGTGTAATCAGTTTGG,3
CGTGTCTAGACTAGGC,1
CGTGTCTAGCCCGAAA,7
CGTGTCTCAAGGTTTC,2
CGTGTCTCATTAGCCA,3
CGTGTCTGTAGCGCAA,1
CGTGTCTGTCCGTCAG,4
CGTGTCTGTCTAGGTT,0
CGTGTCTGTCTCCACT,1
CGTTAGAAGGCCCGTT,1
CGTTAGAAGGCCCTTG,3
CGTTAGAAGGGCTTCC,5
CGTTAGACAGATTGCT,3
CGTTAGAGTCATTAGC,4
CGTTAGATCCGTTGCT,1
CGTTAGATCTGCCAGG,7
CGTTCTGAGAGTCGGT,0
CGTTCTGAGCGATCCC,0
CGTTCTGAGGACTGGT,6
CGTTCTGCACAAGCCC,1
CGTTCTGCAGACGCTC,4
CGTTCTGCAGAGCCAA,4
CGTTCTGCAGCTGCTG,0
CGTTCTGGTACCAGTT,0
CGTTCTGGTCCAGTGC,5
CGTTCTGGTCTGCGGT,1
CGTTCTGGTTCGCGAC,2
CGTTCTGTCAGCCTAA,1
CGTTCTGTCGAGGTAG,3
CGTTCTGTCTGGCGAC,1
CGTTGGGAGTGCGATG,7
CGTTGGGCAAAGAATC,6
CGTTGGGGTAATAGCA,2
CGTTGGGTCGCATGAT,2
CGTTGGGTCGCTTAGA,0
CTAACTTAGCCAGTTT,4
CTAACTTAGCGTCAAG,7
CTAACTTAGCGTCTAT,7
CTAACTTCATCACAAC,5
CTAACTTCATTGGTAC,3
CTAACTTGTACGCTGC,2
CTAACTTGTTACGCGC,8
CTAACTTTCAAGCCTA,1
CTAAGACAGCTATGCT,3
CTAAGACCAATAGCGG,9
CTAAGACCAGCTGTTA,0
CTAAGACCAGGCTGAA,3
CTAAGACCAGGTGGAT,3
CTAAGACGTGAGGGAG,5
CTAAGACGTTACGACT,0
CTAAGACGTTCCAACA,5
CTAAGACGTTGAACTC,0
CTAAGACGTTGGTAAA,9
CTAAGACTCAAACCGT,0
CTAAGACTCACGCATA,3
CTAAGACTCCTCGCAT,4
CTAAGACTCGTTGCCT,2
CTAATGGAGACGCAAC,0
CTAATGGAGATGTGGC,0
CTAATGGAGGGATGGG,0
CTAATGGGTCACCCAG,0
CTAATGGTCTGCGACG,4
CTACACCAGAGAGCTC,0
CTACACCAGATATGCA,3
CTACACCAGTTTCCTT,0
CTACACCCAAGCCTAT,1
CTACACCGTTCCACGG,0
CTACACCTCAATCTCT,9
CTACACCTCAGAGACG,1
CTACACCTCTAACTGG,3
CTACATTAGACGCTTT,3
CTACATTCACCAGGTC,2
CTACATTCACGGTAAG,1
CTACATTCATGAAGTA,0
CTACATTGTAAGAGAG,0
CTACATTGTACATCCA,4
CTACATTGTACTTGAC,2
CTACATTGTATAATGG,0
CTACATTTCAGAGGTG,2
CTACATTTCCACTCCA,0
CTACATTTCCAGTATG,7
CTACATTTCTCCAGGG,9
CTACCCAAGTTAGCGG,6
CTACCCACATCACGAT,1
CTACCCAGTACGCTGC,1
CTACCCAGTTCGGCAC,3
CTACCCATCCACGTTC,0
CTACCCATCCAGATCA,7
CTACCCATCCGTCAAA,4
CTACGTCAGATATGCA,0
CTACGTCGTAATCACC,0
CTACGTCGTCCGTTAA,4
CTACGTCGTCGCCATG,7
CTACGTCGTGGCTCCA,6
CTACGTCGTTATCACG,2
CTACGTCTCAGGCGAA,6
CTACGTCTCATATCGG,0
CTAGAGTAGCTGCCCA,7
CTAGAGTAGGCCGAAT,1
CTAGAGTAGTCAAGGC,2
CTAGAGTAGTGGAGTC,4
CTAGAGTCAGTGAGTG,4
CTAGAGTCATACTCTT,4
CTAGAGTCATCAGTAC,5
CTAGAGTGTCGACTGC,3
CTAGAGTGTCGCTTTC,7
CTAGAGTGTGACAAAT,0
CTAGAGTGTGACCAAG,1
CTAGAGTGTTCACGGC,3
CTAGAGTGTTTGACTG,0
CTAGAGTTCGAACGGA,2
CTAGCCTAGCCACGTC,1
CTAGCCTCACAGACAG,1
CTAGCCTCAGTCCTTC,3
CTAGCCTCATGCCACG,5
CTAGCCTCATGGAATA,4
CTAGCCTCATTGCGGC,0
CTAGCCTGTCAAAGCG,9
CTAGCCTGTCTCTCGT,3
CTAGCCTTCCAATGGT,5
CTAGTGAAGAAACGAG,0
CTAGTGAAGAACAACT,1
CTAGTGAAGACGCACA,3
CTAGTGAAGATCCGAG,1
CTAGTGAAGATCGATA,5
CTAGTGACACATGGGA,0
CTAGTGACAGGTCTCG,1
CTAGTGACATCGGAAG,2
CTAGTGAGTAGCGTCC,3
CTAGTGAGTGTTGAGG,1
CTAGTGAGTTCAACCA,2
CTAGTGAGTTTACTCT,0
CTAGTGATCCTTTACA,0
CTAGTGATCTATCGCC,7
CTCACACAGACGCAAC,0
CTCACACAGATGTAAC,0
CTCACACAGCCCAACC,5
CTCACACAGGGATCTG,7
CTCACACCAAATCCGT,0
CTCACACCAATGTAAG,0
CTCACACCATACAGCT,2
CTCACACCATGCCCGA,6
CTCACACGTACCGCTG,6
CTCACACGTATTAGCC,5
CTCACACTCTGTCAAG,0
CTCACACTCTTTCCTC,2
CTCAGAAAGATGTTAG,7
CTCAGAAAGCTAAACA,7
CTCAGAAAGCTAGGCA,10
CTCAGAAAGTGACATA,1
CTCAGAACAGGTCGTC,8
CTCAGAACAGTGGGAT,2
CTCAGAAGTAAGCACG,3
CTCAGAAGTAGCGTCC,4
CTCAGAAGTTCGCGAC,3
CTCAGAATCACGCATA,8
CTCAGAATCGAGAACG,2
CTCATTACAAGTACCT,5
CTCATTACAAGTTGTC,8
CTCATTACACCCATGG,7
CTCATTAGTATTACCG,6
CTCATTAGTGAGTGAC,0
CTCATTAGTTGTCGCG,7
CTCATTAGTTTGTGTG,8
CTCATTATCACTATTC,1
CTCATTATCCAGATCA,3
CTCATTATCGTGGTCG,1
CTCATTATCTGCAGTA,1
CTCCTAGAGCCAGAAC,3
CTCCTAGAGCTGAACG,7
CTCCTAGAGTGCTGCC,0
CTCCTAGCAAGTCTAC,4
CTCCTAGCATTCCTGC,0
CTCCTAGGTCCATGAT,3
CTCCTAGGTCTTCGTC,6
CTCCTAGGTTCCGGCA,2
CTCGAAAAGATCTGCT,2
CTCGAAAAGCCAGTTT,3
CTCGAAACACATGACT,5
CTCGAAACACATTTCT,0
CTCGAAACATGACGGA,3
CTCGAAATCGCGTAGC,3
CTCGAGGAGCAGACTG,1
CTCGAGGAGGTGGGTT,6
CTCGAGGCAAGTTGTC,3
CTCGAGGCAATCCAAC,3
CTCGAGGCACCAGGCT,4
CTCGAGGCACGAAAGC,6
CTCGAGGCAGATGGGT,3
CTCGAGGCAGCGATCC,2
CTCGAGGCAGTCCTTC,3
CTCGAGGCATATACCG,4
CTCGAGGCATTAACCG,2
CTCGAGGCATTCTTAC,1
CTCGAGGGTAATCGTC,5
CTCGAGGGTCACCTAA,1
CTCGAGGTCGAGAACG,10
CTCGGAGAGCACACAG,5
CTCGGAGCACGAAACG,0
CTCGGAGCAGCCAATT,4
CTCGGAGCAGTACACT,1
CTCGGAGGTCAACATC,2
CTCGGAGGTCCGACGT,0
CTCGGAGGTCGAACAG,4
CTCGGAGGTCGGCTCA,2
CTCGGAGGTGTTGAGG,4
CTCGGAGGTTGATTCG,0
CTCGGAGTCAGCGACC,0
CTCGGAGTCCACGACG,6
CTCGGAGTCCTTCAAT,0
CTCGGAGTCTGTCAAG,6
CTCGGAGTCTGTTGAG,3
CTCGGGAAGCTGAAAT,6
CTCGGGACAAGGTTTC,0
CTCGGGACACACGCTG,1
CTCGGGACAGACGCTC,4
CTCGGGACAGTCCTTC,0
CTCGGGACATAGACTC,3
CTCGGGACATCACAAC,7
CTCGGGAGTAAGTGTA,0
CTCGGGAGTCTTGATG,2
CTCGGGAGTTACAGAA,8
CTCGGGAGTTGGAGGT,3
CTCGGGATCTCTTATG,1
CTCGGGATCTTAGAGC,0
CTCGTACAGACGCACA,4
CTCGTACAGACTCGGA,5
CTCGTACAGAGAGCTC,0
CTCGTACCAACGATCT,6
CTCGTACCAAGAGGCT,1
CTCGTACCATCGGGTC,3
CTCGTCAAGCTCTCGG,0
CTCGTCACATTAACCG,7
CTCGTCAGTTAAGGGC,5
CTCGTCAGTTGATTGC,4
CTCGTCAGTTGCGTTA,6
CTCGTCATCCGCATCT,10
CTCGTCATCTAACTTC,1
CTCTAATAGAAGAAGC,4
CTCTAATAGACAGGCT,0
CTCTAATAGAGAACAG,0
CTCTAATAGATGTTAG,7
CTCTAATAGCGATAGC,1
CTCTAATAGCGTGTCC,0
CTCTAATAGTGGAGTC,2
CTCTAATAGTGGTAAT,0
CTCTAATCATGAAGTA,4
CTCTAATGTCGACTGC,3
CTCTAATGTTCATGGT,7
CTCTAATGTTCCCGAG,0
CTCTAATGTTTGCATG,4
CTCTAATTCAATCTCT,1
CTCTAATTCGAACGGA,6
CTCTACGAGCAGACTG,0
CTCTACGAGCTGTCTA,2
CTCTACGAGGATCGCA,1
CTCTACGAGTCGTTTG,3
CTCTACGGTAGAGGAA,8
CTCTACGGTGAGTATA,3
CTCTACGGTTCCATGA,7
CTCTACGTCACCCGAG,0
CTCTGGTAGACCACGA,1
CTCTGGTAGAGCTATA,5
CTCTGGTAGCGTTTAC,1
CTCTGGTAGTCAAGCG,1
CTCTGGTCAAGCGAGT,2
CTCTGGTCAAGTTGTC,3
CTCTGGTCACGTCTCT,8
CTCTGGTCATACGCTA,8
CTCTGGTGTCTACCTC,2
CTCTGGTGTGATGTGG,2
CTCTGGTTCAACGAAA,5
CTGAAACAGCAGCGTA,4
CTGAAACAGGGTCGAT,0
CTGAAACAGTGGACGT,0
CTGAAACGTAGAGGAA,4
CTGAAGTAGATGCCTT,5
CTGAAGTAGCTGTTCA,0
CTGAAGTAGTGACATA,4
CTGAAGTCAAACCCAT,1
CTGAAGTGTCTAGTGT,4
CTGATAGAGTGGGCTA,2
CTGATAGCAATAGCAA,1
CTGATAGCATATACGC,0
CTGATAGGTAAGAGGA,3
CTGATAGGTCTGGTCG,2
CTGATAGTCAGCATGT,0
CTGATCCCAATGGAGC,5
CTGATCCCACCTCGGA,5
CTGATCCGTCCGCTGA,8
CTGATCCGTGCAGTAG,6
CTGATCCGTGTTAAGA,5
CTGATCCGTTATCACG,5
CTGATCCTCCCAAGAT,1
CTGATCCTCCTCAATT,0
CTGATCCTCTCTTGAT,1
CTGATCCTCTGAGTGT,1
CTGATCCTCTTCGGTC,7
CTGATCCTCTTTAGGG,6
CTGCCTAAGCTGATAA,7
CTGCCTAAGTACCGGA,2
CTGCCTAAGTGGAGTC,0
CTGCCTAAGTGGGCTA,1
CTGCCTACAGATCGGA,7
CTGCCTACAGGTCTCG,0
CTGCCTACATAGTAAG,3
CTGCCTACATTGGCGC,1
CTGCCTAGTATGAATG,2
CTGCCTAGTTGGTTTG,6
CTGCCTATCGGCGCTA,0
CTGCCTATCTTGAGGT,2
CTGCGGAAGCAGCGTA,0
CTGCGGAAGCTAACTC,1
CTGCGGACAGGTCGTC,4
CTGCGGAGTATGGTTC,6
CTGCGGAGTCGAGTTT,5
CTGCGGATCAGTTAGC,2
CTGCGGATCCTACAGA,0
CTGCGGATCCTTAATC,3
CTGCGGATCTAACTGG,1
CTGCTGTAGAATGTTG,4
CTGCTGTAGACGCAAC,5
CTGCTGTAGCCAACAG,5
CTGCTGTAGGACAGAA,1
CTGCTGTAGGCAGTCA,3
CTGCTGTAGTTGTCGT,4
CTGCTGTCACGCCAGT,4
CTGCTGTCAGCAGTTT,4
CTGCTGTCATTGCGGC,6
CTGCTGTGTCATATGC,3
CTGCTGTGTGTGCCTG,0
CTGCTGTTCCATGCTC,3
CTGCTGTTCTCTGTCG,0
CTGCTGTTCTGTCTAT,2
CTGGTCTAGCGATAGC,6
CTGGTCTAGGACTGGT,3
CTGGTCTAGGTGCTAG,2
CTGGTCTCAACGATGG,5
CTGGTCTCACCAGCAC,1
CTGGTCTCACGACGAA,0
CTGGTCTGTAAATACG,0
CTGGTCTGTAAGTGGC,2
CTGGTCTGTCTCTCTG,0
CTGGTCTGTGTTGGGA,2
CTGGTCTTCGATCCCT,8
CTGGTCTTCTAGAGTC,10
CTGTGCTAGCCATCGC,2
CTGTGCTAGCTGCAAG,2
CTGTGCTAGTTGAGAT,1
CTGTGCTCAATGGAGC,1
CTGTGCTCATGGGACA,5
CTGTGCTGTAGATTAG,6
CTGTGCTGTAGGAGTC,0
CTGTGCTGTGATAAGT,3
CTGTGCTTCAACACGT,0
CTGTGCTTCCCATTAT,3
CTGTGCTTCGTTGCCT,1
CTGTGCTTCTAACTTC,2
CTGTTTAAGAAGGCCT,1
CTGTTTACAACTTGAC,5
CTGTTTACAGGGTTAG,1
CTGTTTAGTCCAGTGC,0
CTGTTTATCCACTCCA,1
CTGTTTATCCGGGTGT,2
CTTAACTAGCTAACTC,0
CTTAACTAGGATTCGG,0
CTTAACTAGGGTATCG,2
CTTAACTCACCATGTA,1
CTTAACTCAGGGTTAG,1
CTTAACTCAGTCGATT,6
CTTAACTGTCTCAACA,0
CTTAACTGTTTCCACC,0
CTTACCGAGCAGACTG,4
CTTACCGAGCTCAACT,0
CTTACCGAGCTGTTCA,3
CTTACCGAGGATGCGT,1
CTTACCGAGGGTATCG,5
CTTACCGAGGTCGGAT,2
CTTACCGAGTCAAGGC,2
CTTACCGCAGCTGTGC,2
CTTACCGGTACTCGCG,2
CTTACCGGTGAGGGAG,2
CTTACCGGTGTAATGA,0
CTTACCGTCAGCTTAG,1
CTTAGGAAGAGCTATA,4
CTTAGGAAGCTGCAAG,5
CTTAGGAGTACAGCAG,1
CTTAGGAGTCTTGTCC,0
CTTAGGATCATCGATG,5
CTTAGGATCCTATGTT,0
CTTAGGATCTGGTTCC,4
CTTAGGATCTTGTTTG,0
CTTCTCTAGATGTGTA,3
CTTCTCTAGTTTGCGT,0
CTTCTCTCACAAGACG,0
CTTCTCTCACCCTATC,7
CTTCTCTCACCTTGTC,2
CTTCTCTCATCACGAT,4
CTTCTCTTCACAATGC,1
CTTCTCTTCATTGCGA,4
CTTCTCTTCCTCAACC,5
CTTGGCTAGGAGTAGA,5
CTTGGCTCAAATTGCC,10
CTTGGCTCAAGACACG,2
CTTGGCTCACTACAGT,6
CTTGGCTCAGCCTGTG,6
CTTGGCTCAGTCCTTC,9
CTTGGCTGTGACTCAT,2
CTTGGCTGTGCAGTAG,0
CTTGGCTGTGTGAATA,2
CTTGGCTGTGTTTGGT,2
CTTGGCTGTTGGTAAA,6
CTTGGCTTCACCAGGC,1
CTTGGCTTCATGGTCA,4
CTTGGCTTCTTCATGT,4
CTTGGCTTCTTCGGTC,0
CTTTGCGAGGACAGAA,0
CTTTGCGAGGGTCGAT,0
CTTTGCGCACAGATTC,2
CTTTGCGCACATTTCT,4
CTTTGCGCATGTAGTC,4
CTTTGCGGTATGGTTC,2
CTTTGCGGTCTGCAAT,2
CTTTGCGGTGAACCTT,3
CTTTGCGGTGGTCCGT,6
CTTTGCGGTGTAATGA,7
CTTTGCGGTTGGTGGA,7
CTTTGCGTCAAGGCTT,0
CTTTGCGTCCAGATCA,1
CTTTGCGTCGAATGGG,0
GAAACTCAGTGTTTGC,1
GAAACTCCACACAGAG,2
GAAACTCCACAGGTTT,1
GAAACTCGTCACTGGC,1
GAAACTCGTCTCCCTA,6
GAAACTCGTTTGACTG,1
GAAACTCTCCCTAATT,3
GAAACTCTCTCGAGTA,5
GAAATGACATACTCTT,5
GAACATCAGACCACGA,5
GAACATCAGACTGGGT,0
GAACATCAGTCTCGGC,3
GAACATCCATAACCTG,0
GAACATCGTAAACACA,2
GAACATCGTGTGCGTC,0
GAACATCGTTGCCTCT,1
GAACATCTCCCACTTG,2
GAACATCTCGTGTAGT,2
GAACCTAAGACAAAGG,3
GAACCTAAGACTAGAT,8
GAACCTAAGAGTCTGG,0
GAACCTAAGCTTCGCG,6
GAACCTAAGTATCTCG,9
GAACCTACAACGATCT,0
GAACCTACACGGCCAT,3
GAACCTACACGGTAAG,4
GAACCTACACTGTCGG,1
GAACCTACAGGACGTA,2
GAACCTACATCCTAGA,1
GAACCTACATGGGAAC,2
GAACCTAGTCTCCATC,4
GAACCTAGTGCACGAA,1
GAACCTAGTTAAGTAG,8
GAACCTATCAACGGCC,6
GAACCTATCCTCAACC,2
GAACCTATCGAATCCA,0
GAACCTATCGTTTAGG,7
GAACGGACACCGAATT,0
GAACGGAGTAGAGGAA,7
GAACGGAGTGCACGAA,0
GAACGGAGTTGATTCG,1
GAAGCAGCACTATCTT,8
GAAGCAGCAGACAAGC,2
GAAGCAGCAGATGGCA,2
GAAGCAGGTACAGCAG,0
GAAGCAGGTCAGATAA,0
GAAGCAGGTCGAGTTT,0
GAAGCAGGTTACAGAA,0
GAAGCAGTCCCACTTG,0
GAATAAGAGCAGCCTC,7
GAATAAGAGCGTTGCC,1
GAATAAGCAAAGCAAT,1
GAATAAGCATATGGTC,7
GAATAAGCATGTTGAC,2
GAATAAGGTCCCGACA,1
GAATAAGGTCTGGTCG,4
GAATAAGTCAATCACG,1
GAATAAGTCAGAAATG,0
GAATAAGTCCGCATAA,6
GAATAAGTCTCGCTTG,6
GAATGAAAGGAGTTGC,1
GAATGAAGTATCAGTC,0
GAATGAATCAGTTCGA,3
GACACGCAGCAGATCG,3
GACACGCAGGGTTTCT,1
GACACGCAGTGTTGAA,7
GACACGCCAAGTCTAC,5
GACACGCGTAGCGCTC,0
GACACGCGTGACAAAT,0
GACACGCGTGTGAATA,1
GACACGCGTTCTGTTT,5
GACACGCTCAACACGT,1
GACAGAGCACCCAGTG,1
GACAGAGCAGCATGAG,3
GACAGAGCATGTCGAT,7
GACAGAGGTAAGAGGA,2
GACAGAGGTGGGTATG,4
GACAGAGTCACATACG,4
GACAGAGTCAGCTTAG,0
GACAGAGTCATACGGT,3
GACAGAGTCGGTGTCG,4
GACAGAGTCTCTTATG,8
GACCAATAGTACATGA,6
GACCAATCAACGATGG,4
GACCAATCACCAGATT,7
GACCAATCATGATCCA,0
GACCAATGTCTAAACC,2
GACCAATGTGCAGACA,9
GACCAATGTTAGTGGG,2
GACCAATTCAAAGACA,2
GACCAATTCAGCCTAA,8
GACCTGGAGATGTTAG,4
GACCTGGCACACTGCG,1
GACCTGGCATTTGCTT,4
GACCTGGGTACTTAGC,1
GACCTGGGTAGCAAAT,0
GACCTGGGTCGCTTTC,1
GACCTGGGTCTAGTCA,0
GACCTGGGTTAGTGGG,3
GACGCGTAGTACGATA,8
GACGCGTAGTCCGTAT,2
GACGCGTCAAGAAGAG,0
GACGCGTCACGAAAGC,4
GACGCGTCAGCTCGCA,3
GACGCGTCATGCATGT,2
GACGCGTCATTGAGCT,3
GACGCGTCATTGGGCC,9
GACGCGTGTAATCGTC,5
GACGCGTTCTTAACCT,2
GACGCGTTCTTATCTG,5
GACGGCTAGAGTGAGA,1
GACGGCTAGGAGTACC,2
GACGGCTAGTGCCATT,3
GACGGCTAGTTGTAGA,1
GACGGCTCACCAACCG,0
GACGGCTGTGCAGTAG,2
GACGGCTTCCACGTTC,3
GACGGCTTCCGTAGGC,1
GACGTGCAGCGGCTTC,0
GACGTGCCAAGCGTAG,3
GACGTGCCAATGTTGC,0
GACGTGCCATAAGACA,5
GACGTGCGTCTAGGTT,3
GACGTGCGTCTTGATG,0
GACGTGCGTTTGCATG,7
GACGTGCTCCAAACAC,1
GACGTTAAGAGTAAGG,4
GACGTTAAGCAGATCG,3
GACGTTAAGGCTATCT,7
GACGTTAAGGGCTCTC,3
GACGTTAAGTGGGCTA,1
GACGTTAGTAAACGCG,1
GACGTTAGTAGAAAGG,8
GACGTTAGTAGCGTAG,0
GACGTTAGTATCAGTC,0
GACGTTAGTATTCGTG,10
GACGTTAGTCCATGAT,7
GACGTTAGTGAGGCTA,3
GACTAACAGAGGTTAT,1
GACTAACAGTGATCGG,0
GACTAACCAACGATCT,1
GACTAACCAGTCAGCC,3
GACTAACCAGTGGGAT,4
GACTAACGTCAGGACA,0
GACTAACGTCCATCCT,0
GACTAACGTGGCAAAC,4
GACTAACTCTGCCAGG,1
GACTAACTCTGGTATG,9
GACTACAAGAGCTGCA,3
GACTACAAGTGCCAGA,6
GACTACAGTATATGGA,4
GACTACAGTCACCTAA,1
GACTACATCTGGCGAC,2
GACTGCGCATCCTTGC,1
GACTGCGGTATAGTAG,0
GACTGCGGTTGGTAAA,1
GACTGCGTCCGCATAA,7
GACTGCGTCCTTGCCA,3
GACTGCGTCGCAGGCT,2
GACTGCGTCTGATACG,7
GAGCAGAAGCTGTTCA,5
GAGCAGAAGGATGGTC,7
GAGCAGACAAATCCGT,1
GAGCAGACAACGATGG,8
GAGCAGACACCTCGGA,7
GAGCAGACAGCGATCC,1
GAGCAGAGTACCATCA,6
GAGCAGAGTACGACCC,2
GAGCAGAGTATTCGTG,6
GAGCAGAGTTCCAACA,3
GAGCAGATCCACGTTC,8
GAGCAGATCGATGAGG,1
GAGGTGAAGACAAGCC,2
GAGGTGACAACTGCGC,4
GAGGTGACAATGAAAC,4
GAGGTGACAGCTGTGC,6
GAGGTGACATATGCTG,0
GAGGTGAGTACTCGCG,2
GAGGTGAGTCAGAGGT,1
GAGGTGAGTCTGCAAT,7
GAGGTGATCACATGCA,0
GAGTCCGAGAGGACGG,6
GAGTCCGAGGACCACA,7
GAGTCCGCACACCGAC,10
GAGTCCGCAGCTGTAT,6
GAGTCCGGTCTCTTTA,1
GAGTCCGGTGACTACT,2
GATCAGTAGACTGGGT,3
GATCAGTAGCCTTGAT,1
GATCAGTAGTGAAGAG,3
GATCAGTGTTAAGATG,1
GATCGATAGCGGATCA,8
GATCGATAGCTTCGCG,0
GATCGATAGTGCCATT,10
GATCGATCAGACAAGC,1
GATCGATCAGATTGCT,0
GATCGATGTTATCGGT,2
GATCGATGTTATGCGT,2
GATCGATTCGGAAATA,0
GATCGCGAGTACTTGC,0
GATCGCGGTCTAGAGG,2
GATCGCGGTGACGCCT,0
GATCGCGGTGTTTGTG,4
GATCGCGGTTATGCGT,1
GATCGCGTCAGCGACC,0
GATCGCGTCAGTACGT,1
GATCGCGTCTCAAGTG,4
GATCGTAAGAACTCGG,1
GATCGTAAGATCCCAT,7
GATCGTAAGGACTGGT,2
GATCGTAAGGCAGGTT,0
GATCGTAAGGGTCGAT,7
GATCGTAAGTTCGATC,4
GATCGTACAATGGATA,4
GATCGTACACATGTGT,1
GATCGTACATATGCTG,4
GATCGTACATCACGTA,8
GATCGTAGTACAAGTA,3
GATCGTATCAATCACG,1
GATCGTATCAGTTTGG,3
GATCGTATCATCATTC,0
GATCGTATCATGTGGT,6
GATCGTATCCGTCAAA,0
GATCTAGAGAGCTATA,0
GATCTAGAGAGTTGGC,2
GATCTAGAGCCCAATT,7
GATCTAGAGCTCCTTC,1
GATCTAGCACGACGAA,1
GATCTAGCACGGTTTA,4
GATCTAGGTCTCTTTA,8
GATCTAGGTTCCGGCA,0
GATCTAGGTTTACTCT,2
GATCTAGTCTCCTATA,6
GATGAAAAGGAACTGC,4
GATGAAAAGGATTCGG,3
GATGAAAAGGGATACC,7
GATGAAACACAACGTT,2
GATGAAAGTAAGGATT,0
GATGAAAGTACCATCA,2
GATGAAAGTCTAACGT,2
GATGAAAGTTACGGAG,8
GATGAAAGTTTCGCTC,0
GATGAAATCAGGTAAA,7
GATGAAATCGCCTGAG,0
GATGAGGAGATGCCTT,6
GATGAGGAGCATCATC,2
GATGAGGAGGGTCGAT,0
GATGAGGAGTGGGATC,4
GATGAGGCACGTGAGA,3
GATGAGGCAGGAATGC,1
GATGAGGGTAAGTAGT,2
GATGAGGGTAGCGCAA,4
GATGAGGGTCGGGTCT,0
GATGAGGGTCTCGTTC,2
GATGAGGGTGAGGGTT,0
GATGCTAAGATCGGGT,1
GATGCTAAGCTAAACA,5
GATGCTAAGTGGTAAT,3
GATGCTACAAGACACG,7
GATGCTACAATCTACG,1
GATGCTACATCCTTGC,7
GATGCTAGTCGCCATG,8
GATGCTAGTCGCGAAA,3
GATGCTAGTGGCAAAC,0
GATGCTAGTTAGATGA,2
GATGCTAGTTATCCGA,2
GATGCTAGTTGGACCC,8
GATGCTATCTACCTGC,1
GATGCTATCTCCGGTT,10
GATTCAGAGGCGCTCT,5
GATTCAGCACTCGACG,2
GATTCAGCAGTCGATT,7
GATTCAGGTCCGACGT,6
GATTCAGGTCGCGAAA,4
GCAAACTAGAATGTTG,6
GCAAACTAGCACACAG,0
GCAAACTAGGGTTTCT,0
GCAAACTGTTCCGTCT,2
GCAAACTTCATCACCC,5
GCAAACTTCGTCGTTC,3
GCAAACTTCTTGCCGT,3
GCAATCAAGATATGGT,3
GCAATCAAGCCTTGAT,10
GCAATCAAGTCCGGTC,2
GCAATCACATGTCGAT,0
GCAATCATCTACGAGT,0
GCACATAAGCCACGCT,0
GCACATAAGCCCAACC,5
GCACATAAGGTAAACT,0
GCACATAGTAAGGGAA,7
GCACATAGTAGGGACT,5
GCACATAGTTATGCGT,8
GCACATAGTTGGACCC,3
GCACATATCAATACCG,3
GCACATATCCACGTTC,1
GCACATATCGAGCCCA,6
GCACATATCTAGAGTC,7
GCACTCTAGACTGGGT,3
GCACTCTAGATGTTAG,0
GCACTCTAGTGCGATG,3
GCACTCTAGTGGAGAA,7
GCACTCTCACATTAGC,0
GCACTCTGTCTCAACA,2
GCACTCTTCCGAACGC,6
GCACTCTTCCGATATG,3
GCACTCTTCCTCTAGC,8
GCAGCCAAGACAGGCT,2
GCAGCCAAGCGTCTAT,0
GCAGCCAAGTAGTGCG,2
GCAGCCACACATCTTT,0
GCAGCCACAGCGTCCA,0
GCAGCCAGTGACTCAT,5
GCAGCCATCACGGTTA,1
GCAGCCATCTAACTGG,0
GCAGTTAAGGTGCTAG,1
GCAGTTAGTCATGCAT,5
GCAGTTATCATCGGAT,7
GCAGTTATCTCCAACC,1
GCATACACACCCATGG,5
GCATACACATTCTCAT,1
GCATACAGTTAAGGGC,3
GCATACATCACGGTTA,0
GCATACATCATTTGGG,7
GCATACATCCCATTAT,0
GCATACATCGGTTAAC,0
GCATACATCTCGTATT,2
GCATGATAGCCCTAAT,2
GCATGATCAGGTCTCG,5
GCATGATGTAGAGTGC,0
GCATGATGTAGGAGTC,1
GCATGATGTCTAAAGA,0
GCATGATGTGAGGGTT,1
GCATGATGTTACCGAT,1
GCATGATTCAGAGCTT,2
GCATGATTCGCCTGAG,2
GCATGCGAGACTACAA,7
GCATGCGAGGTACTCT,1
GCATGCGCAGGGATTG,7
GCATGCGGTTCACCTC,1
GCATGCGGTTCAGACT,1
GCATGCGGTTGATTCG,2
GCATGCGTCCAAACAC,0
GCATGTAAGATATGGT,4
GCATGTAAGCCTATGT,7
GCATGTAAGCGTTTAC,2
GCATGTAAGGGTTTCT,1
GCATGTAAGTCCGGTC,0
GCATGTACAATTGCTG,0
GCATGTACACCGAATT,6
GCATGTAGTCCGTTAA,1
GCATGTAGTGCAGTAG,5
GCATGTATCACATGCA,6
GCCAAATAGCCCAACC,5
GCCAAATAGTTACGGG,0
GCCAAATCACACTGCG,4
GCCAAATCACCAGATT,4
GCCAAATCAGTCCTTC,2
GCCAAATCATACTCTT,2
GCCAAATGTCGAACAG,5
GCCAAATGTGCACGAA,5
GCCAAATTCGCGATCG,7
GCCAAATTCGCGTAGC,1
GCCAAATTCGGCGCTA,2
GCCTCTAAGATGCGAC,6
GCCTCTAAGTCATGCT,3
GCCTCTAAGTGAAGTT,2
GCCTCTAAGTGGGATC,4
GCCTCTACAGACTCGC,5
GCCTCTACATAGGATA,4
GCCTCTAGTTGTACAC,3
GCCTCTATCGAGCCCA,8
GCCTCTATCGTATCAG,8
GCCTCTATCTAACCGA,1
GCCTCTATCTGCAAGT,1
GCGACCAAGAAGCCCA,5
GCGACCAAGAGGTAGA,5
GCGACCACACGAAAGC,0
GCGACCACACGCATCG,0
GCGACCACAGCGTTCG,0
GCGACCACATGGATGG,2
GCGACCAGTAGCAAAT,0
GCGACCATCTTGAGGT,4
GCGACCATCTTGTATC,1
GCGAGAAAGCCACCTG,7
GCGAGAAAGTGGGATC,1
GCGAGAACAAGCCCAC,6
GCGAGAACACAGGCCT,7
GCGAGAACAGGTTTCA,8
GCGAGAACATGGATGG,2
GCGAGAAGTAGTACCT,5
GCGAGAAGTCAAAGCG,3
GCGAGAAGTGAGGCTA,2
GCGAGAATCAGGCAAG,0
GCGCAACAGAAACGCC,6
GCGCAACAGGGATGGG,2
GCGCAACAGTTGCAGG,5
GCGCAACCAATAGCGG,7
GCGCAACGTAGAGTGC,4
GCGCAACGTCAGAATA,0
GCGCAACGTTCGGCAC,1
GCGCAACTCGATCCCT,3
GCGCAACTCGGCTACG,1
GCGCAGTAGACTGTAA,5
GCGCAGTAGCCTTGAT,5
GCGCAGTAGTACCGGA,1
GCGCAGTAGTGCGATG,3
GCGCAGTCACAGTCGC,7
GCGCAGTCATCTGGTA,8
GCGCAGTCATGCAACT,1
GCGCAGTCATTACGAC,3
GCGCAGTGTAGGCTGA,1
GCGCAGTGTAGGGACT,0
GCGCAGTGTCTTTCAT,2
GCGCAGTGTGGACGAT,0
GCGCAGTGTTGTGGAG,7
GCGCAGTTCAAAGACA,2
GCGCAGTTCTGCCAGG,0
GCGCAGTTCTTTACAC,2
GCGCCAAAGATATGGT,8
GCGCCAAAGCGTCAAG,5
GCGCCAAAGCTGTTCA,4
GCGCCAAAGGATGCGT,3
GCGCCAAAGTGTCTCA,2
GCGCCAACAGCCAGAA,0
GCGCCAAGTGACTACT,0
GCGCCAAGTTCGGGCT,7
GCGCCAATCACAGGCC,2
GCGCCAATCCACGCAG,4
GCGCCAATCGGCATCG,0
GCGCCAATCGTTGACA,6
GCGCCAATCTACTCAT,3
GCGCCAATCTGCCCTA,1
GCGCGATAGACAATAC,0
GCGCGATAGACTGGGT,0
GCGCGATAGACTTTCG,1
GCGCGATCAGGCGATA,0
GCGCGATCAGTAGAGC,5
GCGCGATGTCTAGGTT,2
GCGCGATGTGGCTCCA,0
GCGCGATTCCTTGACC,1
GCGCGATTCTTTAGTC,0
GCGGGTTAGTACCGGA,1
GCGGGTTCACGCCAGT,5
GCGGGTTCAGGGAGAG,2
GCGGGTTCATCACGAT,3
GCGGGTTGTAAGAGGA,5
GCGGGTTGTAGCGTAG,6
GCGGGTTGTAGGACAC,0
GCGGGTTGTCACTTCC,6
GCGGGTTTCGAGAACG,5
GCTCCTAAGACTTGAA,2
GCTCCTAAGATGGCGT,1
GCTCCTAAGTCGATAA,5
GCTCCTAAGTGGAGTC,8
GCTCCTACAACGATGG,10
GCTCCTACACGACTCG,4
GCTCCTACACGAGGTA,1
GCTCCTACAGCGAACA,1
GCTCCTAGTTACCGAT,6
GCTCCTATCCATGCTC,0
GCTCTGTAGCGTGAAC,1
GCTCTGTAGGATATAC,2
GCTCTGTAGGGAACGG,4
GCTCTGTCAGTGGAGT,0
GCTCTGTGTAAGTAGT,4
GCTCTGTGTTATCGGT,1
GCTGCAGAGTCAAGGC,1
GCTGCAGAGTCTCGGC,2
GCTGCAGCAGGACCCT,7
GCTGCAGGTAAGTTCC,6
GCTGCAGGTCACTTCC,4
GCTGCAGGTTAGTGGG,2
GCTGCAGGTTCCATGA,0
GCTGCAGGTTTGTTTC,0
GCTGCAGTCACTTATC,0
GCTGCAGTCGAATGCT,3
GCTGCGAAGCTAAACA,6
GCTGCGAAGTAAGTAC,3
GCTGCGAAGTCCAGGA,0
GCTGCGAAGTCCGGTC,4
GCTGCGACACATGTGT,7
GCTGCGACAGCCAGAA,2
GCTGCGACATATACGC,9
GCTGCGACATTGAGCT,2
GCTGCGAGTATGCTTG,5
GCTGCGAGTCCGAACC,6
GCTGCGATCACAACGT,9
GCTGCGATCCCTAATT,4
GCTGCGATCTCAAACG,8
GCTGCTTAGCAAATCA,2
GCTGCTTAGCGTAATA,9
GCTGCTTAGGTTCCTA,2
GCTGCTTCAACCGCCA,3
GCTGCTTCACACATGT,1
GCTGCTTCACCGAATT,1
GCTGCTTCACGCATCG,6
GCTGCTTCATGCGCAC,0
GCTGCTTCATGGTAGG,3
GCTGCTTGTCGAATCT,6
GCTGCTTTCAACACAC,0
GCTGCTTTCCAAGCCG,2
GCTGCTTTCCGAGCCA,7
GCTGGGTAGGACTGGT,5
GCTGGGTAGGTGCACA,3
GCTGGGTAGTGACTCT,8
GCTGGGTCAGGGATTG,3
GCTGGGTCAGTAAGCG,7
GCTGGGTGTACCTACA,7
GCTGGGTGTGCTGTAT,5
GCTGGGTGTGTAACGG,1
GCTGGGTTCAGCCTAA,8
GCTGGGTTCCCTAACC,7
GCTGGGTTCGCGTTTC,0
GCTGGGTTCTCAAACG,1
GCTTCCAAGACTTGAA,1
GCTTCCAAGCGTGAAC,2
GCTTCCAAGTTTGCGT,5
GCTTCCACAATTGCTG,4
GCTTCCACACATTTCT,3
GCTTCCACACGGTTTA,5
GCTTCCAGTAAGTAGT,4
GCTTCCAGTAGCGATG,3
GCTTCCATCATAACCG,0
GCTTCCATCCTTTCGG,6
GCTTGAAAGCCGGTAA,2
GCTTGAAAGCTCAACT,0
GCTTGAAAGTAGTGCG,3
GCTTGAAAGTCGTTTG,2
GCTTGAACACTTAACG,0
GCTTGAACAGATGGCA,0
GCTTGAACATGGTCAT,1
GCTTGAAGTAGCTGCC,5
GCTTGAAGTCGAAAGC,0
GCTTGAAGTGATAAAC,0
GCTTGAATCCTATGTT,3
GCTTGAATCCTTGCCA,0
GCTTGAATCTGGTATG,0
GGAAAGCCAAGGTTTC,7
GGAAAGCCAGCCACCA,1
GGAAAGCGTCCGTCAG,7
GGAAAGCGTCTCTCGT,0
GGAAAGCGTGACTACT,2
GGAAAGCTCGGTCCGA,2
GGAACTTAGAGCTGGT,3
GGAACTTCAAACGTGG,4
GGAACTTGTCAGAAGC,10
GGAACTTGTCGCATCG,0
GGAACTTGTGCCTGGT,2
GGAACTTTCCATGAGT,0
GGAACTTTCCGTAGTA,6
GGAACTTTCGCGTAGC,3
GGAACTTTCGTTGCCT,1
GGAACTTTCTCATTCA,1
GGAACTTTCTCGCTTG,6
GGAATAAAGAACTGTA,0
GGAATAAAGTTAGCGG,6
GGAATAACAATGTTGC,7
GGAATAACACCGCTAG,0
GGAATAACACGGACAA,6
GGAATAAGTCATATGC,0
GGAATAATCAGTTTGG,0
GGAATAATCATTGCGA,1
GGAATAATCGGTCCGA,0
GGAATAATCTTTAGTC,6
GGACAAGAGCCAGTTT,3
GGACAAGCAAAGAATC,2
GGACAAGCAATCGAAA,4
GGACAAGGTACAGACG,0
GGACAAGGTCCATCCT,1
GGACAAGTCAGCACAT,3
GGACAAGTCATTCACT,2
GGACAAGTCGCAAGCC,4
GGACAGAAGGATATAC,0
GGACAGAAGGCAATTA,7
GGACAGAAGGTGCTAG,7
GGACAGACAACACCTA,0
GGACAGACACTAGTAC,6
GGACAGAGTAAATGTG,1
GGACAGAGTACCGTAT,0
GGACAGAGTCTAAAGA,0
GGACAGAGTGGGTCAA,5
GGACAGAGTGGTCCGT,0
GGACAGATCTGCTGCT,0
GGACAGATCTTAACCT,6
GGACATTAGACCCACC,5
GGACATTAGGGCTTCC,7
GGACATTAGTTGTAGA,2
GGACATTCAAACGCGA,0
GGACATTCACGAAAGC,0
GGACATTCATCGATTG,1
GGACATTGTCTAGTGT,5
GGACATTGTTTAAGCC,2
GGACATTTCCTCTAGC,6
GGACATTTCCTTAATC,0
GGACATTTCTATGTGG,5
GGACGTCAGAAACCAT,5
GGACGTCAGGTGCAAC,7
GGACGTCAGTGTGGCA,1
GGACGTCCACTTGGAT,0
GGACGTCCAGACTCGC,4
GGACGTCGTGAGGGTT,5
GGACGTCTCAACGGCC,0
GGACGTCTCCCTTGTG,4
GGAGCAAAGGGAGTAA,4
GGAGCAAAGTACGCGA,3
GGAGCAACATCACCCT,10
GGAGCAACATGCCTTC,1
GGAGCAAGTACACCGC,2
GGAGCAATCAACACAC,0
GGAGCAATCTTGAGGT,0
GGATGTTAGCGATATA,0
GGATGTTAGGCTATCT,1
GGATGTTCAAGCTGGA,6
GGATGTTCAATACGCT,0
GGATGTTCATCCGTGG,3
GGATGTTGTCAACTGT,0
GGATGTTGTCAGAAGC,0
GGATGTTGTTAAGACA,5
GGATGTTTCCACTGGG,1
GGATGTTTCGCGATCG,1
GGATTACCAACGATCT,2
GGATTACCAGATTGCT,1
GGATTACCAGTGGGAT,0
GGATTACGTAAAGTCA,0
GGATTACGTCCGACGT,1
GGATTACTCGGCGGTT,1
GGCAATTAGGCGCTCT,2
GGCAATTCACAGACAG,8
GGCAATTCACCTTGTC,3
GGCAATTCACGACTCG,0
GGCAATTCATTCCTGC,5
GGCAATTGTCACCTAA,0
GGCAATTGTCGGCTCA,4
GGCAATTGTCTTCTCG,0
GGCAATTGTTCGGCAC,7
GGCAATTTCATACGGT,7
GGCAATTTCTTGAGGT,2
GGCCGATAGCCAGTAG,1
GGCCGATAGCTAAGAT,0
GGCCGATAGGTGATAT,0
GGCCGATAGTGAAGAG,1
GGCCGATCAATGGAAT,1
GGCCGATCACACCGCA,0
GGCCGATCAGCTTCGG,0
GGCCGATGTGTGAAAT,3
GGCCGATGTGTTTGTG,0
GGCCGATTCGAATCCA,3
GGCCGATTCGTACCGG,0
GGCCGATTCGTTTAGG,0
GGCCGATTCTCGCTTG,2
GGCCGATTCTTTACAC,0
GGCGACTAGATACACA,5
GGCGACTAGCGTGTCC,2
GGCGACTAGGGTCTCC,6
GGCGACTCACCAACCG,0
GGCGACTGTAAATACG,1
GGCGACTGTCAACATC,3
GGCGACTTCTGGAGCC,6
GGCGTGTAGATGCGAC,2
GGCGTGTAGGACGAAA,7
GGCGTGTAGGCCCTTG,5
GGCGTGTAGGGCACTA,0
GGCGTGTCAGGCTGAA,0
GGCGTGTGTGATGTCT,7
GGCGTGTGTGCCTGCA,5
GGCGTGTGTGGACGAT,6
GGCGTGTGTTCGTCTC,1
GGCGTGTTCACGATGT,0
GGCGTGTTCCGTACAA,0
GGCGTGTTCTGCTGTC,1
GGCGTGTTCTGGTTCC,0
GGCTCGACAAGAGTCG,2
GGCTCGACACGGTTTA,5
GGCTCGACAGGATCGA,0
GGCTCGAGTCTGCGGT,5
GGCTCGATCAGGCAAG,0
GGCTCGATCCTTTCTC,0
GGCTCGATCGGCGCTA,1
GGCTGGTAGGACGAAA,2
GGCTGGTCACCAGTTA,8
GGCTGGTCATCCCATC,6
GGCTGGTGTACGCTGC,0
GGCTGGTGTAGCTGCC,0
GGCTGGTGTCAAAGCG,0
GGCTGGTGTTTGACTG,7
GGCTGGTTCATGTCTT,0
GGGAATGAGCTCAACT,0
GGGAATGAGGTGCTTT,3
GGGAATGGTACTCAAC,1
GGGAATGGTATAATGG,0
GGGAATGGTGTATGGG,0
GGGAATGTCACGAAGG,0
GGGAATGTCACTTATC,0
GGGAATGTCCCATTAT,5
GGGAATGTCTCCAACC,5
GGGAATGTCTTAACCT,7
GGGACCTAGAGGTACC,1
GGGACCTAGTAGTGCG,2
GGGACCTAGTTACCCA,7
GGGACCTTCACCCGAG,0
GGGACCTTCCTTGGTC,1
GGGACCTTCGGTGTCG,6
GGGAGATAGACTAAGT,1
GGGAGATAGGTGATTA,7
GGGAGATCACAACGTT,3
GGGAGATGTTACGGAG,3
GGGAGATTCTAAGCCA,2
GGGAGATTCTCAACTT,6
GGGAGATTCTGTTTGT,1
GGGATGAAGTACCGGA,6
GGGATGAAGTGAACAT,0
GGGATGACACAGACTT,0
GGGATGACATTACCTT,0
GGGATGAGTAGCGTGA,0
GGGATGAGTGATAAGT,1
GGGATGATCAGCTCGG,1
GGGATGATCATCGATG,5
GGGATGATCCACTGGG,6
GGGCACTAGTACTTGC,5
GGGCACTCAGGATTGG,2
GGGCACTCATGAGCGA,0
GGGCACTGTCCAAGTT,4
GGGCACTGTTCGTTGA,1
GGGCACTTCGAGAACG,1
GGGCACTTCTCACATT,4
GGGCATCAGCGCTTAT,6
GGGCATCCAGATCTGT,0
GGGCATCGTACGCTGC,0
GGGCATCGTCAGAATA,0
GGGCATCTCTAACCGA,7
GGGTCTGAGAAACCAT,3
GGGTCTGAGAAAGTGG,2
GGGTCTGCAAGAGGCT,0
GGGTCTGCAGCTCGCA,1
GGGTCTGCATGCTAGT,0
GGGTCTGGTTTGACTG,0
GGGTCTGTCCACGAAT,0
GGGTCTGTCCACGACG,4
GGGTCTGTCCTAGAAC,1
GGGTCTGTCTCAAACG,4
GGGTCTGTCTGATACG,2
GGGTTGCAGCAGCCTC,4
GGGTTGCAGGGATGGG,0
GGGTTGCCACCAACCG,2
GGGTTGCCACTACAGT,0
GGGTTGCCAGCTCGCA,2
GGGTTGCCAGGCGATA,0
GGGTTGCGTTCAGGCC,0
GGGTTGCGTTCGTTGA,6
GGGTTGCTCATAGCAC,7
GGGTTGCTCGGAATCT,1
GGTATTGAGCTAACAA,2
GGTATTGAGGGAACGG,0
GGTATTGAGGTGCACA,3
GGTATTGCACCTATCC,0
GGTATTGCATCCCACT,6
GGTATTGCATCGGACC,9
GGTATTGGTGTTTGTG,0
GGTGAAGAGTACGCCC,1
GGTGAAGAGTATTGGA,1
GGTGAAGGTACGAAAT,2
GGTGAAGGTCCCTTGT,4
GGTGAAGGTGATAAAC,1
GGTGAAGGTTCCACGG,0
GGTGAAGTCACAACGT,5
GGTGAAGTCAGATAAG,6
GGTGAAGTCATAACCG,2
GGTGAAGTCATTATCC,2
GGTGAAGTCCGCATCT,1
GGTGAAGTCGCCATAA,4
GGTGAAGTCTTACCGC,1
GGTGCGTCACATTAGC,2
GGTGCGTCATTTGCCC,0
GGTGCGTTCATCGCTC,5
GGTGCGTTCATTCACT,3
GGTGCGTTCCGCGGTA,0
GGTGCGTTCTTGTATC,0
GGTGTTAAGAGCCCAA,4
GGTGTTACACTGTTAG,6
GGTGTTAGTCGGGTCT,2
GGTGTTAGTCTAGTGT,0
GGTGTTATCATGGTCA,0
GTAACGTAGACTCGGA,6
GTAACGTAGTACGACG,0
GTAACGTCAGCTCGCA,6
GTAACGTGTGCAGGTA,2
GTAACGTGTGTCCTCT,6
GTAACGTGTTGTTTGG,2
GTAACGTTCGTCGTTC,2
GTAACGTTCTGCGGCA,0
GTAACTGAGCCAGTTT,0
GTAACTGAGCGCTCCA,1
GTAACTGCAGCGATCC,4
GTAACTGCAGGTGCCT,0
GTAACTGCATCTCGCT,1
GTAACTGGTAGGCTGA,3
GTAACTGGTGCAGTAG,0
GTAACTGGTGGTCCGT,5
GTAACTGGTTGTGGCC,6
GTAACTGTCGAGAGCA,4
GTAACTGTCTTGCCGT,7
GTACGTAAGAGCTATA,6
GTACGTAAGCACAGGT,4
GTACGTAAGTGAAGTT,2
GTACGTACACGAGAGT,1
GTACGTAGTATAGGGC,0
GTACGTAGTCTTGTCC,1
GTACTCCAGATCCCGC,7
GTACTCCAGCATGGCA,2
GTACTCCTCAGGCGAA,1
GTACTCCTCTACCAGA,2
GTACTTTAGAATTGTG,0
GTACTTTAGTCGATAA,3
GTACTTTCAAGCCGCT,2
GTACTTTCAAGTCATC,0
GTACTTTGTGATAAAC,0
GTACTTTTCAATAAGG,7
GTACTTTTCTACGAGT,1
GTAGGCCAGCGATGAC,1
GTAGGCCCAAGAGTCG,2
GTAGGCCGTACAGTGG,5
GTAGGCCGTACTCTCC,0
GTAGGCCGTGCAACGA,6
GTAGGCCGTTAGATGA,2
GTAGGCCTCAACACGT,7
GTAGGCCTCGAACGGA,1
GTAGGCCTCTGCTTGC,2
GTAGTCAAGAGGTAGA,6
GTAGTCAAGATGCCAG,2
GTAGTCAAGCAGGCTA,1
GTAGTCACAAGCTGAG,0
GTAGTCACAATACGCT,7
GTAGTCACAGGTCTCG,3
GTAGTCACATTACGAC,1
GTAGTCAGTCAAACTC,0
GTAGTCAGTCGGCACT,0
GTAGTCAGTGCTAGCC,0
GTAGTCATCATCGATG,4
GTATCTTAGCTCCTCT,1
GTATCTTAGGCAGTCA,5
GTATCTTCAGGGAGAG,3
GTATCTTCATGGTTGT,0
GTATCTTGTCAGAGGT,7
GTATCTTGTCATATGC,1
GTATCTTTCAGGATCT,5
GTATTCTAGAAACGAG,1
GTATTCTAGCAACGGT,0
GTATTCTAGGAGTAGA,4
GTATTCTAGGATCGCA,2
GTATTCTAGTGCGATG,1
GTATTCTAGTGGTAAT,3
GTATTCTCAAGAAGAG,2
GTATTCTCAGGTTTCA,4
GTATTCTGTAACGACG,4
GTATTCTGTACCATCA,0
GTATTCTTCCGCGTTT,4
GTATTCTTCGTTGCCT,0
GTCAAGTAGACCTTTG,0
GTCAAGTAGATATACG,0
GTCAAGTAGATCGATA,2
GTCAAGTAGCTCCTTC,0
GTCAAGTAGGATATAC,2
GTCAAGTCAAAGAATC,2
GTCAAGTCACGTGAGA,4
GTCAAGTGTGCACCAC,7
GTCAAGTTCGATGAGG,2
GTCACAAAGACCACGA,0
GTCACAAAGGCATGTG,0
GTCACAACAAATCCGT,2
GTCACAACACCGCTAG,3
GTCACGGAGACCTTTG,0
GTCACGGGTAAGGGCT,4
GTCACGGGTGAGGGAG,1
GTCACGGGTGAGGGTT,6
GTCACGGGTGTAATGA,0
GTCATTTAGCTAGTTC,2
GTCATTTAGTCGAGTG,7
GTCATTTAGTCTCAAC,2
GTCATTTAGTGAACAT,1
GTCATTTAGTGTTAGA,1
GTCATTTCACGACGAA,7
GTCATTTCACTAGTAC,2
GTCATTTCAGCTCGAC,0
GTCATTTCAGGAACGT,5
GTCATTTGTCCGAACC,8
GTCATTTGTCTAGTCA,6
GTCCTCAAGAACTGTA,2
GTCCTCAAGACGCACA,2
GTCCTCAAGCTGGAAC,1
GTCCTCACAACGCACC,0
GTCCTCACAAGCTGTT,6
GTCCTCATCACGCATA,0
GTCCTCATCCAATGGT,6
GTCGGGTAGCTGATAA,2
GTCGGGTAGGTGACCA,4
GTCGGGTCAGTATGCT,2
GTCGGGTCAGTGACAG,1
GTCGGGTCATGCCTTC,5
GTCGGGTGTACCGAGA,2
GTCGGGTGTCTAAACC,8
GTCGGGTGTTAAGTAG,0
GTCGGGTTCACGATGT,5
GTCGTAACAACTTGAC,10
GTCGTAACAAGCGCTC,2
GTCGTAACAGTCTTCC,1
GTCGTAAGTATAGGGC,1
GTCGTAAGTGCGGTAA,3
GTCGTAATCGATAGAA,0
GTCGTAATCGTTTATC,0
GTCTCGTAGTCACGCC,5
GTCTCGTCACAAGCCC,4
GTCTCGTGTCGAGATG,5
GTCTCGTGTCTCTTAT,1
GTCTCGTGTGCACCAC,1
GTCTCGTTCGCCATAA,1
GTCTCGTTCTTTACAC,2
GTCTTCGAGACGACGT,1
GTCTTCGCAGCTTCGG,3
GTCTTCGCAGTGGGAT,0
GTCTTCGCATCCGCGA,0
GTCTTCGGTAAATGAC,1
GTCTTCGGTCTAGGTT,4
GTCTTCGGTGTTTGTG,3
GTCTTCGGTTAGATGA,0
GTCTTCGGTTGATTCG,1
GTCTTCGTCACTGGGC,9
GTCTTCGTCGTTACAG,3
GTCTTCGTCTCCCTGA,0
GTCTTCGTCTGTTGAG,4
GTGAAGGAGCTAGTTC,6
GTGAAGGAGTACATGA,1
GTGAAGGCACTAAGTC,4
GTGAAGGCAGTAAGAT,0
GTGAAGGCATAAAGGT,2
GTGAAGGTCATCATTC,2
GTGAAGGTCATGCTCC,6
GTGAAGGTCGCACTCT,0
GTGAAGGTCTGACCTC,5
GTGAAGGTCTGCTGCT,7
GTGCAGCAGGCCATAG,3
GTGCAGCAGGCTATCT,2
GTGCAGCAGGGAAACA,1
GTGCAGCCACACAGAG,3
GTGCAGCCAGTCGTGC,6
GTGCAGCGTCGGCACT,1
GTGCAGCGTGATAAGT,5
GTGCAGCTCATGTCTT,7
GTGCAGCTCCGAAGAG,5
GTGCATAAGAAACCTA,6
GTGCATAAGCCCAGCT,4
GTGCATAAGGGAACGG,0
GTGCATACAGGCTCAC,0
GTGCATAGTATAGGTA,1
GTGCATAGTTGTCTTT,2
GTGCATATCAAGCCTA,0
GTGCATATCAGCTCGG,0
GTGCATATCCAAAGTC,1
GTGCATATCCAAGTAC,6
GTGCGGTAGCTCTCGG,2
GTGCGGTGTCTAGGTT,7
GTGCGGTGTTCGTCTC,10
GTGCGGTTCACTCCTG,2
GTGCGGTTCTGTTTGT,0
GTGCTTCAGTGCCAGA,2
GTGCTTCGTATAGGTA,0
GTGCTTCGTCGCGGTT,1
GTGCTTCGTGAGGCTA,0
GTGCTTCGTTCGCGAC,0
GTGCTTCTCACTTCAT,6
GTGCTTCTCATCATTC,8
GTGCTTCTCCAGAGGA,2
GTGCTTCTCCCAAGTA,1
GTGCTTCTCTTTACGT,0
GTGGGTCAGCCAACAG,1
GTGGGTCAGCGACGTA,0
GTGGGTCAGCGTAATA,1
GTGGGTCAGTACGTAA,3
GTGGGTCCAGTAGAGC,4
GTGGGTCGTACCGAGA,8
GTGGGTCGTCACCCAG,2
GTGGGTCGTCTAGGTT,8
GTGGGTCGTCTTCAAG,0
GTGGGTCTCAGTTAGC,0
GTGTGCGAGACCTAGG,1
GTGTGCGAGACTAGAT,1
GTGTGCGAGTGGCACA,4
GTGTGCGCAAACTGCT,2
GTGTGCGCAACCGCCA,0
GTGTGCGCAGTGGAGT,4
GTGTGCGTCAAGAAGT,0
GTGTGCGTCCAGAGGA,1
GTGTGCGTCTTGCATT,1
GTGTTAGAGACGCTTT,1
GTGTTAGAGACTGGGT,1
GTGTTAGCAGACGCCT,0
GTGTTAGGTATAGGGC,1
GTGTTAGGTATAGGTA,3
GTGTTAGGTCATACTG,2
GTGTTAGGTCTCGTTC,1
GTGTTAGGTGAGGGAG,7
GTGTTAGGTTAAGGGC,2
GTGTTAGTCACAGGCC,8
GTGTTAGTCTGGCGTG,1
GTTAAGCAGAAGGTTT,5
GTTAAGCAGCTAGTCT,1
GTTAAGCAGGATTCGG,0
GTTAAGCAGGTGACCA,4
GTTAAGCCAACGCACC,4
GTTAAGCCAATGGAGC,2
GTTAAGCCACCTCGTT,6
GTTAAGCCACGAAAGC,8
GTTAAGCCAGTATCTG,4
GTTAAGCGTACTCTCC,0
GTTAAGCGTCCAGTAT,1
GTTAAGCTCCCATTAT,2
GTTAAGCTCTGATACG,5
GTTAAGCTCTTGTTTG,0
GTTACAGAGAATGTTG,2
GTTACAGAGAGGTTAT,6
GTTACAGAGATCCTGT,1
GTTACAGAGCTCCCAG,0
GTTACAGCAGATAATG,9
GTTACAGCATCTACGA,1
GTTACAGCATGCCTTC,7
GTTACAGGTACTTGAC,0
GTTACAGGTAGAAAGG,1
GTTACAGGTATGAAAC,6
GTTACAGGTCAACATC,0
GTTCATTAGCTGTTCA,0
GTTCATTGTGCGATAG,0
GTTCATTTCTGTTGAG,0
GTTCATTTCTTCTGGC,0
GTTCGGGAGAATTGTG,7
GTTCGGGAGATACACA,0
GTTCGGGCAGGCTCAC,0
GTTCGGGGTCTCTCTG,4
GTTCGGGTCATCACCC,1
GTTCGGGTCCACTCCA,7
GTTCGGGTCGGAAACG,0
GTTCTCGAGCCACCTG,4
GTTCTCGAGGAATTAC,1
GTTCTCGCAATGGAAT,4
GTTCTCGGTAGAGTGC,2
GTTCTCGGTATAATGG,0
GTTCTCGGTTCGGGCT,4
GTTCTCGGTTCTGAAC,1
GTTCTCGGTTGGACCC,1
GTTCTCGTCATGTAGC,0
GTTCTCGTCTCGGACG,7
GTTTCTAAGCGCTTAT,4
GTTTCTACATCACGAT,7
GTTTCTACATGTTCCC,5
GTTTCTATCAAACCGT,6
GTTTCTATCATACGGT,8
TAAACCGAGCTAACTC,0
TAAACCGAGTATTGGA,4
TAAACCGCATGTCCTC,2
TAAACCGCATTTCACT,5
TAAACCGGTCAAAGAT,8
TAAACCGGTGAGTATA,1
TAAGAGAAGAATTGTG,0
TAAGAGAAGACATAAC,4
TAAGAGAAGACTAGAT,0
TAAGAGAAGCAGCGTA,3
TAAGAGAAGCTAGGCA,1
TAAGAGAAGCTGGAAC,2
TAAGAGAAGGACCACA,1
TAAGAGACAAAGCGGT,3
TAAGAGACACCGTTGG,1
TAAGAGACACGGCGTT,3
TAAGAGACACGTAAGG,1
TAAGAGACAGGCGATA,7
TAAGAGAGTCTTGTCC,4
TAAGAGAGTTATTCTC,3
TAAGAGAGTTCAGCGC,2
TAAGAGATCGAGAGCA,7
TAAGCGTAGTAGTGCG,1
TAAGCGTCAAAGCAAT,4
TAAGCGTGTAGGGACT,1
TAAGCGTGTCCGCTGA,1
TAAGCGTGTGCAGGTA,2
TAAGCGTGTTAGAACA,2
TAAGCGTGTTGTCTTT,1
TAAGCGTTCCCTTGTG,2
TAAGCGTTCTCTAGGA,6
TAAGTGCAGACTCGGA,8
TAAGTGCAGCCGATTT,5
TAAGTGCCACTATCTT,5
TAAGTGCCAGTTAACC,2
TAAGTGCGTATATCCG,4
TAAGTGCGTCACACGC,1
TAAGTGCGTGACTACT,0
TAAGTGCTCCAGATCA,2
TAAGTGCTCTTCATGT,3
TACACGAAGCAATATG,0
TACACGAAGCTCCTCT,7
TACACGAAGCTGATAA,8
TACACGAAGTACACCT,3
TACACGAAGTACGACG,0
TACACGACAATTGCTG,9
TACACGACACAAGCCC,3
TACACGACACATCCGG,2
TACACGACAGGTTTCA,3
TACACGACATATACGC,2
TACACGACATATGGTC,0
TACACGAGTAAGGGAA,7
TACACGAGTCGAACAG,1
TACACGAGTGAACCTT,0
TACACGAGTTTGACTG,1
TACACGATCGTTACGA,6
TACACGATCTTCTGGC,2
TACAGTGCAGTAGAGC,8
TACAGTGCATTCCTGC,6
TACAGTGGTCGACTGC,5
TACAGTGGTCTAGGTT,0
TACAGTGGTCTCCACT,6
TACAGTGGTTAAGAAC,6
TACAGTGTCGTTGACA,0
TACCTATAGTGTGGCA,5
TACCTATCAAGTAATG,1
TACCTATGTAATAGCA,1
TACCTATGTATGGTTC,2
TACCTATGTCGACTAT,6
TACCTATGTCGATTGT,0
TACCTATGTGGGTATG,1
TACCTATGTTACGACT,0
TACCTATTCTCAAACG,4
TACCTATTCTGCTTGC,9
TACCTTAAGAGCTATA,5
TACCTTACAACTTGAC,3
TACCTTACAAGGACAC,7
TACCTTACACTGAAGG,7
TACCTTACAGCTTAAC,7
TACCTTACATACGCCG,4
TACCTTAGTGCAGTAG,5
TACCTTATCAGTTTGG,3
TACCTTATCCACGAAT,4
TACCTTATCCGTTGTC,2
TACCTTATCTTAGAGC,3
TACGGATAGCCAACAG,0
TACGGATAGCTAACAA,0
TACGGATCAAGCCCAC,4
TACGGATCATCCGGGT,5
TACGGATCATCTGGTA,5
TACGGATGTCCCGACA,0
TACGGATTCAATACCG,2
TACGGGCAGACTAGAT,2
TACGGGCAGAGCTTCT,1
TACGGGCAGATCTGCT,7
TACGGGCCAAGTCTGT,0
TACGGGCCAGCCAGAA,2
TACGGGCCAGCCTTTC,0
TACGGGCCAGCTCGCA,3
TACGGGCCAGGCAGTA,8
TACGGGCCATCCCATC,4
TACGGGCCATGGTCTA,8
TACGGGCGTCACTGGC,6
TACGGGCGTGCAACTT,6
TACGGGCGTGCTCTTC,0
TACGGGCGTGTGAAAT,5
TACGGGCGTGTGCGTC,3
TACGGGCTCAAACGGG,6
TACGGGCTCACTGGGC,6
TACGGGCTCGCAAACT,1
TACGGTAAGCGCCTCA,1
TACGGTACACTGCCAG,2
TACGGTACACTTGGAT,5
TACGGTACAGACAAAT,1
TACGGTACAGTGAGTG,5
TACGGTAGTACACCGC,1
TACGGTAGTTCACCTC,0
TACGGTATCATCACCC,1
TACGGTATCCGCATCT,0
TACGGTATCGGCCGAT,2
TACGGTATCGGGAGTA,0
TACGGTATCGTCTGAA,0
TACTCATAGGGTGTGT,2
TACTCATAGTCAAGGC,8
TACTCATCACCCATTC,3
TACTCATGTACGAAAT,2
TACTCATGTAGCTCCG,0
TACTCATGTCCAAGTT,7
TACTCATGTCCATCCT,1
TACTCATTCAACGGCC,1
TACTCATTCAACGGGA,6
TACTCATTCGTTACAG,0
TACTCATTCTTTAGTC,3
TACTCGCAGAATAGGG,10
TACTCGCAGATGCCAG,0
TACTCGCAGGGATGGG,6
TACTCGCAGGTACTCT,2
TACTCGCAGGTGATTA,3
TACTCGCCAATCTACG,3
TACTCGCCACAGCCCA,2
TACTCGCGTGTTTGTG,0
TACTCGCTCCTCTAGC,0
TACTCGCTCGAGAACG,5
TACTTACAGCAATCTC,5
TACTTACCACTAAGTC,0
TACTTACCACTCTGTC,2
TACTTACCAGAGTGTG,2
TACTTACCAGGGTATG,3
TACTTACCATCTCGCT,4
TACTTACCATGCCACG,7
TACTTACGTGCACGAA,1
TACTTACGTGGCGAAT,2
TACTTACGTTGAGGTG,8
TACTTACTCACGCATA,3
TACTTACTCCGCATCT,2
TACTTACTCGAATGCT,0
TACTTACTCTAGCACA,0
TACTTACTCTTCGGTC,3
TACTTGTAGATATACG,0
TACTTGTAGCTCCTTC,2
TACTTGTCAACTGCGC,0
TACTTGTCAAGACGTG,2
TACTTGTCAGCGAACA,7
TACTTGTCATCTCCCA,3
TACTTGTGTAGCCTAT,2
TACTTGTGTTCACCTC,1
TACTTGTTCACTATTC,6
TACTTGTTCACTTCAT,0
TACTTGTTCAGTTCGA,3
TACTTGTTCGGAGGTA,2
TAGACCAAGAGAACAG,0
TAGACCAAGTGTCCAT,3
TAGACCACACTTGGAT,1
TAGACCACATGCGCAC,4
TAGACCAGTACAGCAG,2
TAGACCAGTCCTGCTT,4
TAGACCAGTCGACTAT,3
TAGACCAGTTACGGAG,3
TAGACCATCAACACCA,2
TAGACCATCAGTCAGT,0
TAGACCATCCATGAGT,1
TAGACCATCCTTGCCA,3
TAGACCATCGTACCGG,0
TAGACCATCGTTTATC,3
TAGAGCTAGATCCGAG,0
TAGAGCTCACTAAGTC,0
TAGAGCTCACTGTCGG,6
TAGAGCTCAGATGGCA,2
TAGAGCTGTAAGTGTA,0
TAGAGCTTCTACTTAC,3
TAGAGCTTCTCACATT,7
TAGCCGGAGACAAAGG,5
TAGCCGGAGAGTAAGG,1
TAGCCGGCACCGAATT,0
TAGCCGGCAGCTGTTA,0
TAGCCGGGTATCGCAT,5
TAGCCGGGTCTCAACA,2
TAGCCGGGTGCCTGTG,0
TAGCCGGGTGCGAAAC,1
TAGCCGGGTGCTCTTC,2
TAGCCGGTCAGCTCTC,3
TAGCCGGTCATTTGGG,0
TAGCCGGTCCGCTGTT,2
TAGGCATAGCTGGAAC,8
TAGGCATCAAACCTAC,7
TAGGCATCAATCGAAA,8
TAGGCATCAGCAGTTT,4
TAGGCATCAGCTCCGA,7
TAGGCATGTATAATGG,6
TAGGCATGTCCAGTGC,6
TAGGCATGTCGCTTCT,0
TAGGCATGTCTCTCGT,4
TAGGCATGTGAAGGCT,2
TAGGCATGTGAGGGTT,2
TAGGCATGTTGATTCG,0
TAGTGGTAGACAGACC,0
TAGTGGTAGCTCCTCT,3
TAGTGGTCAAGAGTCG,0
TAGTGGTCAAGTTGTC,4
TAGTGGTCACCAGGCT,0
TAGTGGTCATTGAGCT,0
TAGTGGTGTCTGCAAT,0
TAGTGGTTCAGTCCCT,4
TAGTGGTTCATGCAAC,1
TAGTGGTTCTGCTGCT,6
TAGTTGGAGAGAGCTC,0
TAGTTGGAGCGTAATA,1
TAGTTGGAGGACACCA,3
TAGTTGGAGGTAAACT,0
TAGTTGGAGTACGTTC,4
TAGTTGGCAAGAGTCG,8
TAGTTGGCAATGACCT,0
TAGTTGGGTCTCACCT,0
TAGTTGGGTGGCAAAC,1
TAGTTGGGTTCGCGAC,1
TAGTTGGGTTGGTGGA,0
TATCAGGAGGAGCGTT,9
TATCAGGAGTCACGCC,2
TATCAGGCACGGTGTC,4
TATCAGGCATCCCACT,3
TATCAGGCATTGGCGC,6
TATCAGGGTCGAAAGC,2
TATCAGGGTGGTACAG,4
TATCAGGGTTCCACTC,7
TATCTCAAGGAGTAGA,0
TATCTCACAAAGCAAT,6
TATCTCACAATGACCT,1
TATCTCACAGCATGAG,9
TATCTCACATGCAATC,5
TATCTCAGTCCGAGTC,0
TATCTCAGTCTAGCCG,2
TATCTCAGTTAAGAAC,1
TATCTCATCCAAAGTC,2
TATGCCCAGAGGTTAT,4
TATGCCCCAAAGTGCG,7
TATGCCCCAAGCCGCT,1
TATGCCCCACGGTAAG,7
TATGCCCCACGTAAGG,1
TATGCCCGTAATCGTC,10
TATGCCCGTAGAGGAA,3
TATGCCCGTATATGGA,5
TATGCCCGTCTCAACA,4
TATTACCAGATCTGCT,2
TATTACCAGCCACCTG,0
TATTACCCATAAAGGT,2
TATTACCCATCACCCT,5
TATTACCCATGGTCAT,0
TATTACCCATTCCTCG,5
TATTACCGTTCTGGTA,0
TATTACCTCATCTGTT,7
TATTACCTCGGCGGTT,3
TCAACGAAGATGCGAC,8
TCAACGAAGGGTTCCC,6
TCAACGACACTGCCAG,7
TCAACGAGTAACGCGA,1
TCAACGAGTATTACCG,0
TCAACGAGTCCGAGTC,10
TCAACGAGTTCCGTCT,0
TCAACGAGTTGGTTTG,7
TCAACGATCCCACTTG,8
TCAACGATCGTGGACC,2
TCAATCTAGACACGAC,0
TCAATCTAGCTGCCCA,1
TCAATCTCAATGGAAT,1
TCAATCTCATGGTTGT,9
TCAATCTCATTGCGGC,2
TCAATCTCATTGTGCA,4
TCAATCTGTAGCGCAA,0
TCAATCTGTCTCATCC,1
TCAATCTGTTTGTTTC,1
TCAATCTTCACAGTAC,2
TCAATCTTCTGCTGTC,3
TCACAAGAGAGAGCTC,4
TCACAAGAGAGTTGGC,2
TCACAAGCAGTCAGAG,6
TCACAAGCAGTTTACG,0
TCACAAGCATCGTCGG,2
TCACAAGGTAAGGGCT,1
TCACAAGGTACTCAAC,3
TCACAAGTCAGTCAGT,7
TCACGAAAGAACAACT,0
TCACGAAAGTGGACGT,1
TCACGAACAAGAAGAG,2
TCACGAACAAGTAATG,6
TCACGAACACATTCGA,0
TCACGAACAGTCTTCC,2
TCACGAAGTATCGCAT,2
TCACGAAGTTTAGGAA,1
TCACGAATCTCTAAGG,0
TCACGAATCTTTAGTC,0
TCAGATGAGATATGGT,8
TCAGATGCAAGCGCTC,1
TCAGATGCACAGAGGT,7
TCAGATGCAGATGGGT,0
TCAGATGGTGAGGGTT,0
TCAGATGGTTCAGTAC,2
TCAGATGTCAAGATCC,6
TCAGCAAAGGAGCGAG,5
TCAGCAACAAACAACA,1
TCAGCAACAAGTTCTG,1
TCAGCAACACGGCCAT,4
TCAGCAACATGGAATA,0
TCAGCAAGTAAGGGCT,3
TCAGCAAGTGCAGACA,7
TCAGCAATCCAAACTG,1
TCAGCTCAGAACTCGG,0
TCAGCTCAGCTCCTCT,0
TCAGCTCCAAGACGTG,4
TCAGCTCCACGCGAAA,0
TCAGCTCCAGCCTTTC,3
TCAGCTCCATTTGCCC,0
TCAGCTCGTCGCATCG,0
TCAGCTCGTTCGGCAC,1
TCAGCTCTCAAAGACA,1
TCAGCTCTCAGCAACT,7
TCAGGATAGAGATGAG,2
TCAGGATAGCATCATC,2
TCAGGATAGCCTATGT,0
TCAGGATAGCTTCGCG,7
TCAGGATAGGCTAGAC,3
TCAGGATCACGCATCG,0
TCAGGATGTCCGAATT,6
TCAGGATGTTCGTCTC,8
TCAGGATTCCAGTATG,0
TCAGGATTCCTATGTT,4
TCAGGATTCTACCTGC,0
TCAGGTAAGATGGCGT,1
TCAGGTAAGGTTCCTA,4
TCAGGTAAGTCATCCA,7
TCAGGTAGTATGAATG,0
TCAGGTAGTCACCTAA,1
TCAGGTATCAACCATG,2
TCAGGTATCCAGGGCT,0
TCAGGTATCGACCAGC,2
TCATTACAGCGATCCC,7
TCATTACAGGAGCGAG,6
TCATTACAGTCAAGCG,2
TCATTACCACCAGCAC,1
TCATTACCACTGTCGG,2
TCATTACCAGATCTGT,3
TCATTACCAGGCGATA,3
TCATTACGTACAGTTC,0
TCATTACGTATAGTAG,0
TCATTACGTATTAGCC,3
TCATTACGTCTAGTGT,1
TCATTACGTGCGCTTG,1
TCATTACGTTTGCATG,4
TCATTACTCCAAACAC,0
TCATTACTCCCTCTTT,4
TCATTACTCGATCCCT,2
TCATTACTCTCGAGTA,1
TCATTACTCTGTCTAT,0
TCATTTGAGCTCCTTC,1
TCATTTGAGGCGTACA,0
TCATTTGAGTACGTAA,2
TCATTTGCAAACCCAT,6
TCATTTGCAAGACGTG,2
TCATTTGCACAACGTT,3
TCATTTGCAGGGATTG,0
TCATTTGCATTCTCAT,2
TCATTTGGTCATACTG,7
TCATTTGGTCGCGTGT,2
TCATTTGGTCGGCATC,7
TCATTTGGTTTCGCTC,2
TCATTTGTCATCTGCC,2
TCATTTGTCCGTACAA,3
TCATTTGTCGCCCTTA,1
TCCACACAGCGTTGCC,10
TCCACACCAGCTATTG,1
TCCACACCATCCCACT,1
TCCACACCATTGGGCC,6
TCCACACCATTGGTAC,2
TCCACACGTGTCCTCT,1
TCCACACTCGGAGCAA,0
TCCACACTCGTAGATC,1
TCCACACTCTTAGCCC,0
TCCCGATAGCACCGTC,0
TCCCGATAGGCCCTTG,3
TCCCGATAGGTGATAT,0
TCCCGATAGTGGAGTC,2
TCCCGATCAGCTATTG,3
TCCCGATCAGTGGGAT,10
TCCCGATGTAGTAGTA,0
TCCCGATGTGAGGCTA,2
TCCCGATGTGATGCCC,7
TCCCGATGTTCTGTTT,3
TCCCGATTCCACGACG,8
TCCCGATTCCCGACTT,5
TCCCGATTCCTTCAAT,0
TCCCGATTCCTTTACA,5
TCCCGATTCTCCAACC,8
TCGAGGCAGACAAGCC,4
TCGAGGCAGCTTATCG,5
TCGAGGCAGGACCACA,6
TCGAGGCAGTAGGTGC,0
TCGAGGCAGTCGATAA,7
TCGAGGCCAAACTGTC,0
TCGAGGCCAGCTGCTG,0
TCGAGGCGTTAGTGGG,4
TCGAGGCTCGCCGTGA,8
TCGAGGCTCGCCTGTT,7
TCGCGAGAGAGAACAG,7
TCGCGAGAGTAACCCT,2
TCGCGAGAGTGGACGT,4
TCGCGAGCAAATACAG,7
TCGCGAGCAATCCGAT,0
TCGCGAGCAGACGCCT,5
TCGCGAGCATAGAAAC,2
TCGCGAGGTGAGCGAT,2
TCGCGAGGTGATGCCC,0
TCGCGAGGTGTAATGA,6
TCGCGAGTCAGCGATT,1
TCGCGAGTCATCATTC,0
TCGCGAGTCGGTCCGA,4
TCGCGTTAGACCTAGG,7
TCGCGTTAGTACGATA,10
TCGCGTTAGTGGGATC,0
TCGCGTTCAAACGCGA,3
TCGCGTTCAATCCAAC,5
TCGCGTTGTTCATGGT,6
TCGCGTTTCCGAAGAG,3
TCGGGACAGCTAGTTC,9
TCGGGACAGCTATGCT,2
TCGGGACAGGAGTACC,0
TCGGGACAGTGACTCT,2
TCGGGACCACACATGT,1
TCGGGACCACCGCTAG,7
TCGGGACCATGGGAAC,2
TCGGGACGTAAGTTCC,0
TCGGGACGTATCTGCA,7
TCGGGACGTCTAGCCG,4
TCGGGACGTGCAGACA,5
TCGGGACGTTATCACG,7
TCGGGACGTTGGACCC,0
TCGGGACGTTGTCGCG,2
TCGGGACTCGCCAAAT,7
TCGGGACTCTGGCGAC,3
TCGGTAAAGACGCTTT,1
TCGGTAACACGGCGTT,6
TCGGTAAGTACTCGCG,6
TCGGTAAGTTGGTAAA,5
TCGGTAAGTTTGACTG,5
TCGGTAATCACAACGT,0
TCGGTAATCCTAGGGC,6
TCGTACCAGATATGCA,0
TCGTACCCAAAGGTGC,7
TCGTACCCAAGGGTCA,3
TCGTACCCAGGATCGA,3
TCGTACCCATGCTAGT,0
TCGTACCTCACGCGGT,1
TCGTACCTCCCTTGTG,6
TCGTAGAAGCACGCCT,3
TCGTAGACAAGCCTAT,5
TCGTAGACACATAACC,3
TCGTAGACAGATGGCA,0
TCGTAGACAGCGTTCG,0
TCGTAGACAGGATTGG,7
TCGTAGACATATACGC,5
TCGTAGACATCGGACC,3
TCGTAGAGTCTGCCAG,1
TCGTAGAGTCTTTCAT,5
TCGTAGATCCCTCTTT,2
TCGTAGATCTCTGTCG,0
TCTATTGAGGAATTAC,3
TCTATTGAGGTGTTAA,3
TCTATTGCACAGATTC,1
TCTATTGCACCGATAT,2
TCTATTGCATTGCGGC,1
TCTATTGGTCTCCACT,6
TCTCATAAGATAGGAG,1
TCTCATACAAGTCTGT,1
TCTCATAGTAGTACCT,2
TCTCATAGTCTCCCTA,8
TCTCATAGTTGGAGGT,2
TCTCATATCATGCTCC,7
TCTCTAAAGATGTCGG,4
TCTCTAAAGCAACGGT,3
TCTCTAAAGCGATGAC,0
TCTCTAAAGCTAGTCT,6
TCTCTAAAGCTAGTTC,4
TCTCTAAAGGAATGGA,2
TCTCTAACAAGTTGTC,8
TCTCTAACAGTCGATT,3
TCTCTAACAGTGGGAT,1
TCTCTAACATTGGGCC,0
TCTCTAAGTAAGAGAG,5
TCTCTAAGTGCACCAC,2
TCTCTAAGTTATGCGT,2
TCTCTAATCGCTAGCG,0
TCTGAGAAGAACTCGG,0
TCTGAGAAGGAGTACC,2
TCTGAGAAGTTCGCGC,2
TCTGAGACAGCTTAAC,0
TCTGAGACATACGCTA,1
TCTGAGAGTCGAGTTT,2
TCTGAGAGTTGCCTCT,2
TCTGAGATCGCATGAT,5
TCTGAGATCTTGAGGT,3
TCTGGAAAGGACCACA,3
TCTGGAAAGGAGTCTG,5
TCTGGAAAGTACCGGA,1
TCTGGAACAAGCGATG,0
TCTGGAACAGTAACGG,7
TCTGGAAGTCGGCTCA,3
TCTGGAATCACCACCT,5
TCTGGAATCACGAAGG,2
TCTGGAATCCGTTGTC,4
TCTTCGGAGAGACTTA,0
TCTTCGGCACTACAGT,1
TCTTCGGCACTGTCGG,3
TCTTCGGCAGTGGGAT,1
TCTTCGGGTAGCTAAA,2
TCTTCGGGTCACTGGC,2
TCTTCGGGTCCAGTGC,2
TCTTCGGGTCTAGCCG,1
TCTTCGGGTGGTCCGT,2
TCTTCGGGTTAAAGTG,3
TCTTCGGTCACTCCTG,2
TCTTCGGTCGGTGTCG,0
TCTTCGGTCTTAACCT,2
TCTTCGGTCTTGGGTA,1
TCTTTCCAGAACTCGG,2
TCTTTCCAGGGAAACA,3
TCTTTCCCAAAGGCGT,1
TCTTTCCCAAAGTCAA,4
TCTTTCCCAATGGATA,3
TCTTTCCCACGAAATA,6
TCTTTCCCATCTACGA,5
TCTTTCCCATGTCCTC,7
TCTTTCCCATGTCTCC,3
TCTTTCCGTACGCACC,1
TCTTTCCGTGTGTGCC,0
TCTTTCCTCCCTAACC,2
TCTTTCCTCGTTGCCT,2
TGAAAGAAGAGTACCG,0
TGAAAGAAGCAGGTCA,0
TGAAAGACAAATCCGT,2
TGAAAGACACAGCCCA,0
TGAAAGACAGCTATTG,3
TGAAAGACAGGACCCT,1
TGAAAGACAGGTCGTC,3
TGAAAGAGTCAATGTC,0
TGAAAGAGTCCTGCTT,4
TGAAAGAGTCTGATTG,0
TGAAAGAGTGACTCAT,0
TGAAAGAGTGAGGGTT,0
TGAAAGAGTTGCGCAC,5
TGAAAGATCCAAACAC,2
TGACAACAGAAACCGC,1
TGACAACAGCGATCCC,2
TGACAACAGCTATGCT,1
TGACAACAGCTGAAAT,0
TGACAACCAATCGAAA,7
TGACAACCACTTAAGC,9
TGACAACCAGATGGCA,5
TGACAACCAGCTGGCT,2
TGACAACCATTCTCAT,4
TGACAACGTACGAAAT,0
TGACAACGTAGGCTGA,6
TGACAACTCACCATAG,6
TGACAACTCGTATCAG,3
TGACGGCCACCTCGTT,2
TGACGGCGTACGCACC,2
TGACGGCGTATGGTTC,0
TGACGGCGTTAAGTAG,1
TGACGGCGTTCTGGTA,1
TGACGGCTCCTGCTTG,3
TGACGGCTCCTTCAAT,0
TGACTAGAGCTTATCG,2
TGACTAGAGGGTCGAT,8
TGACTAGAGTTCCACA,3
TGACTAGCAACACCTA,2
TGACTAGCACCATGTA,0
TGACTAGCAGCTGTGC,0
TGACTAGCATGTAAGA,2
TGACTAGGTACAGTGG,0
TGACTAGGTCCGAGTC,0
TGACTAGGTCTAGGTT,1
TGACTAGTCGAGCCCA,0
TGACTTTAGATCCTGT,0
TGACTTTAGGCAATTA,7
TGACTTTCACTGTCGG,2
TGACTTTCATCTCCCA,1
TGACTTTGTAGCTTGT,1
TGACTTTGTTGCTCCT,0
TGACTTTTCGCTTGTC,1
TGACTTTTCTGCAGTA,1
TGACTTTTCTTGCCGT,6
TGAGAGGAGACCTAGG,4
TGAGAGGAGAGATGAG,0
TGAGAGGAGGATGGAA,1
TGAGAGGCACCGAAAG,1
TGAGAGGCACGGTAAG,1
TGAGAGGCATAGAAAC,1
TGAGAGGTCGCAAGCC,3
TGAGCATAGGCGATAC,10
TGAGCATAGGGAGTAA,7
TGAGCATCAGCTTCGG,4
TGAGCATGTCGTGGCT,0
TGAGCATGTGTCCTCT,7
TGAGCATGTTCATGGT,0
TGAGCATGTTGCGTTA,1
TGAGCATGTTTGTTTC,3
TGAGCATTCAGGTAAA,7
TGAGCATTCTTACCGC,2
TGAGCCGAGCGTAGTG,1
TGAGCCGAGCTAGTGG,6
TGAGCCGCAAGTACCT,5
TGAGCCGCACGACGAA,0
TGAGCCGTCCCTCAGT,0
TGAGGGAAGCTGAACG,2
TGAGGGAAGTAGATGT,2
TGAGGGACAGGCGATA,7
TGAGGGAGTGCACGAA,7
TGAGGGAGTTCCACGG,0
TGAGGGATCCGATATG,2
TGAGGGATCGGCATCG,0
TGATTTCAGAATTCCC,2
TGATTTCAGACAGAGA,2
TGATTTCAGACTGTAA,1
TGATTTCAGTCATCCA,2
TGATTTCAGTGGAGAA,6
TGATTTCAGTGTCTCA,2
TGATTTCGTCAAGCGA,1
TGATTTCGTGCGAAAC,3
TGATTTCTCAAACAAG,1
TGATTTCTCAGTTTGG,1
TGATTTCTCGCGGATC,1
TGCACCTAGGATCGCA,0
TGCACCTAGGGTATCG,0
TGCACCTCAACACCCG,6
TGCACCTGTCAGATAA,7
TGCACCTGTGACAAAT,0
TGCACCTGTTGTTTGG,1
TGCACCTTCTCGTATT,2
TGCCAAACAAAGGCGT,8
TGCCAAACACATCCGG,7
TGCCAAACACCAGGCT,3
TGCCAAACATGGAATA,0
TGCCAAACATTTGCCC,6
TGCCAAAGTTAGAACA,1
TGCCAAATCAGGTAAA,7
TGCCCATAGCAGACTG,0
TGCCCATAGGATCGCA,1
TGCCCATAGGGATACC,0
TGCCCATCAACGATGG,1
TGCCCATCACTTCGAA,7
TGCCCATCAGGACGTA,5
TGCCCATGTACATGTC,0
TGCCCATGTAGAAGGA,7
TGCCCATGTCGACTGC,1
TGCCCATGTTAGATGA,0
TGCCCATGTTGCGCAC,0
TGCCCATTCCCAGGTG,6
TGCCCATTCCCTAATT,5
TGCCCATTCTATCCCG,0
TGCCCATTCTCAAACG,4
TGCCCTAAGACTTGAA,3
TGCCCTAAGCATCATC,5
TGCCCTAAGCGCTCCA,3
TGCCCTAAGGGCACTA,1
TGCCCTACATGACGGA,2
TGCCCTAGTATAGTAG,3
TGCCCTAGTTAAGACA,0
TGCCCTAGTTCCGTCT,0
TGCCCTATCAGGTTCA,3
TGCCCTATCGGTTCGG,8
TGCCCTATCGTTTATC,0
TGCCCTATCTCCAACC,1
TGCGCAGAGAGCCCAA,0
TGCGCAGAGGGTTTCT,6
TGCGCAGAGTATGACA,8
TGCGCAGCAAAGGAAG,2
TGCGCAGCAGAGTGTG,1
TGCGCAGCAGTCGTGC,0
TGCGCAGCATCACCCT,8
TGCGCAGCATCGACGC,0
TGCGCAGCATTAGCCA,5
TGCGCAGGTATTCTCT,2
TGCGCAGGTCGGCACT,1
TGCGCAGGTTTAAGCC,0
TGCGCAGTCATTGCCC,0
TGCGCAGTCTCCGGTT,0
TGCGGGTAGCAGGTCA,7
TGCGGGTAGCGTAGTG,2
TGCGGGTAGTAATCCC,3
TGCGGGTAGTCTCAAC,0
TGCGGGTCATTGTGCA,2
TGCGGGTGTCGGCATC,0
TGCGGGTGTCTTGCGG,4
TGCGGGTGTGTGTGCC,7
TGCGTGGAGAATGTTG,1
TGCGTGGAGCTGAAAT,3
TGCGTGGAGGCTCTTA,0
TGCGTGGAGTGAAGTT,2
TGCGTGGCAATGGAAT,6
TGCGTGGCAATGTTGC,1
TGCGTGGCATCCAACA,3
TGCGTGGGTCCGAATT,1
TGCGTGGGTCGAATCT,1
TGCGTGGGTGAGCGAT,4
TGCGTGGGTGTATGGG,6
TGCGTGGGTTCATGGT,1
TGCTACCAGACAAAGG,0
TGCTACCAGACCCACC,1
TGCTACCAGATGTAAC,4
TGCTACCAGCCACGTC,6
TGCTACCAGCCGTCGT,7
TGCTACCCAGTATCTG,2
TGCTACCCATTGGCGC,0
TGCTACCGTCAATGTC,2
TGCTACCGTCAGAATA,5
TGCTACCGTCCAGTAT,6
TGCTACCTCATGGTCA,0
TGCTACCTCGGATGTT,0
TGCTACCTCGTATCAG,0
TGCTACCTCGTTTATC,6
TGCTGCTCAGCATGAG,0
TGCTGCTCAGCGTAAG,1
TGCTGCTGTACCTACA,3
TGCTGCTGTAGCTAAA,5
TGCTGCTGTAGGGTAC,6
TGCTGCTGTCAAGCGA,6
TGCTGCTGTCTTCTCG,6
TGCTGCTTCAGCGACC,3
TGCTGCTTCCCTCTTT,0
TGCTGCTTCCGCGCAA,2
TGGACGCAGATACACA,0
TGGACGCAGGTGACCA,1
TGGACGCAGTTGAGAT,1
TGGACGCCAAGAGTCG,2
TGGACGCCAATAGCAA,0
TGGACGCCACTGTCGG,6
TGGACGCGTCCGAAGA,2
TGGACGCGTTAAGTAG,0
TGGACGCGTTACGTCA,7
TGGACGCGTTCCGTCT,8
TGGACGCTCATAAAGG,8
TGGCCAGAGATGTCGG,2
TGGCCAGAGGCTACGA,6
TGGCCAGCACGGTAAG,9
TGGCCAGGTTTGTTTC,0
TGGCCAGTCAACTCTT,0
TGGCCAGTCTTCGGTC,8
TGGCGCACATTATCTC,1
TGGCGCACATTCCTGC,1
TGGCGCAGTCGGCACT,3
TGGCGCAGTCTCACCT,2
TGGCGCAGTGGCGAAT,0
TGGCGCATCAGGTAAA,1
TGGCGCATCTATCCTA,8
TGGCGCATCTGATACG,2
TGGCTGGAGACAGACC,2
TGGCTGGAGGCTAGGT,7
TGGCTGGAGGTGACCA,1
TGGCTGGAGGTGGGTT,0
TGGCTGGCAAGTACCT,2
TGGCTGGCACCAGGTC,5
TGGCTGGCATGCTAGT,0
TGGCTGGGTGAAGGCT,7
TGGCTGGTCATCTGCC,3
TGGCTGGTCCTAGAAC,7
TGGCTGGTCGTATCAG,1
TGGCTGGTCTTGGGTA,1
TGGGAAGAGAAACGAG,2
TGGGAAGAGATCCCGC,6
TGGGAAGAGCGTGTCC,1
TGGGAAGAGCTATGCT,0
TGGGAAGCACACGCTG,5
TGGGAAGCACTTCTGC,2
TGGGAAGCAGCAGTTT,6
TGGGAAGGTCCTCCAT,7
TGGGAAGGTGCTCTTC,0
TGGGAAGGTTAGAACA,1
TGGGAAGGTTGAGGTG,4
TGGGAAGTCAAACAAG,3
TGGGAAGTCCCATTAT,0
TGGGAAGTCGTAGGTT,5
TGGGAAGTCTTTCCTC,1
TGGGCGTAGAATTCCC,1
TGGGCGTAGTGGAGTC,0
TGGGCGTCAGCTTCGG,0
TGGGCGTGTAGCGATG,4
TGGGCGTGTATAGGGC,6
TGGGCGTGTCCGTTAA,1
TGGGCGTTCAACGCTA,2
TGGGCGTTCAGTTAGC,2
TGGGCGTTCATTGCCC,8
TGGGCGTTCCTTTACA,0
TGGGCGTTCGTGACAT,2
TGGGCGTTCTAACTCT,7
TGGGCGTTCTGATACG,6
TGGTTAGAGATATACG,3
TGGTTAGAGTCACGCC,1
TGGTTAGCACCCAGTG,0
TGGTTAGCATTGTGCA,2
TGGTTCCAGCACCGTC,2
TGGTTCCAGCCTCGTG,1
TGGTTCCAGCGATAGC,2
TGGTTCCAGTCAAGCG,7
TGGTTCCAGTCACGCC,4
TGGTTCCCACACCGCA,0
TGGTTCCCAGGTCTCG,1
TGGTTCCCATAGTAAG,0
TGGTTCCGTGAAAGAG,0
TGGTTCCGTTATCCGA,2
TGGTTCCGTTGATTGC,4
TGGTTCCGTTTGGCGC,0
TGGTTCCTCCTCCTAG,3
TGTATTCAGCTAGTGG,6
TGTATTCAGTGGAGAA,1
TGTATTCAGTGTCCAT,1
TGTATTCCACGCCAGT,0
TGTATTCCATTGCGGC,8
TGTATTCCATTGGGCC,6
TGTATTCGTTATGCGT,3
TGTATTCTCATCGGAT,1
TGTCCCAAGACTAGAT,1
TGTCCCAAGAGTGACC,2
TGTCCCAAGGATATAC,2
TGTCCCAAGGGTATCG,6
TGTCCCACATAACCTG,0
TGTCCCAGTACAGTGG,1
TGTCCCATCAGTTCGA,3
TGTCCCATCCCAGGTG,1
TGTGGTAAGTGTACGG,7
TGTGGTACAAAGGCGT,3
TGTGGTACATCACCCT,1
TGTGGTAGTACATCCA,4
TGTGGTAGTCTCTCGT,5
TGTGGTAGTTACTGAC,6
TGTGGTATCACTTACT,2
TGTGGTATCTGTACGA,1
TGTGTTTAGCAGCCTC,0
TGTGTTTAGGGTTTCT,3
TGTGTTTAGTGCGATG,0
TGTGTTTCAAAGCAAT,10
TGTGTTTCAAGTAGTA,2
TGTGTTTGTAAACCTC,2
TGTGTTTGTTAAGTAG,9
TGTGTTTGTTCCACTC,9
TGTTCCGAGACTAAGT,1
TGTTCCGAGTCCATAC,3
TGTTCCGCAAGCCCAC,2
TGTTCCGCAATTGCTG,0
TGTTCCGCACGAGAGT,0
TGTTCCGGTCAAAGCG,0
TGTTCCGGTCTCTTTA,0
TGTTCCGGTTTGGCGC,0
TTAACTCAGCTAACAA,1
TTAACTCAGGGCTTGA,9
TTAACTCCAACTGGCC,0
TTAACTCCACGGACAA,0
TTAACTCCATGACGGA,3
TTAACTCGTCATCGGC,1
TTAACTCTCTCGTATT,0
TTAGGACAGAATGTTG,0
TTAGGACCAATCAGAA,2
TTAGGACCACCAGTTA,3
TTAGGACGTGTGGCTC,7
TTAGGACTCAGCTCTC,1
TTAGGACTCCACTGGG,6
TTAGGACTCCTATTCA,4
TTAGGCAAGCATCATC,1
TTAGGCAAGTGAAGTT,3
TTAGGCAAGTGACTCT,1
TTAGGCACACGCGAAA,0
TTAGGCACAGTCTTCC,0
TTAGGCACATGCCTAA,7
TTAGGCAGTCATCGGC,3
TTAGGCATCCCATTAT,6
TTAGGCATCCTGCAGG,5
TTAGGCATCTTTACAC,2
TTAGTTCAGACAAGCC,0
TTAGTTCAGACGACGT,5
TTAGTTCCACTTCGAA,5
TTAGTTCCAGATAATG,2
TTAGTTCCATGAACCT,3
TTATGCTAGATATGGT,2
TTATGCTAGCTGATAA,3
TTATGCTCACCAACCG,3
TTATGCTGTAGGACAC,1
TTATGCTGTTGAGGTG,0
TTATGCTTCAACACAC,0
TTATGCTTCCGCGTTT,6
TTCCCAGAGAACTCGG,0
TTCCCAGAGGAGCGTT,5
TTCCCAGAGTGGTAAT,2
TTCCCAGGTCAATACC,3
TTCCCAGGTTACGACT,7
TTCCCAGGTTACGTCA,5
TTCCCAGGTTGGAGGT,3
TTCCCAGGTTTGGCGC,6
TTCCCAGTCCAAGCCG,2
TTCCCAGTCGACCAGC,6
TTCGAAGAGCCACGTC,0
TTCGAAGAGGGAACGG,4
TTCGAAGAGTCACGCC,8
TTCGAAGAGTGAAGTT,0
TTCGAAGCAGACGCAA,2
TTCGAAGGTACAGACG,4
TTCGAAGGTATGGTTC,5
TTCGAAGGTTCAGCGC,2
TTCGAAGTCAACCATG,0
TTCGGTCAGCCGTCGT,2
TTCGGTCAGCGGATCA,6
TTCGGTCAGCTGCGAA,1
TTCGGTCAGGAGTCTG,2
TTCGGTCAGGTAGCTG,5
TTCGGTCAGTGCAAGC,3
TTCGGTCCAAGTAGTA,1
TTCGGTCCATGGTCTA,5
TTCGGTCGTAGGGTAC,4
TTCGGTCTCACTTCAT,0
TTCGGTCTCCCAAGTA,3
TTCTACAAGATGGGTC,0
TTCTACAAGCCTTGAT,1
TTCTACACAAGACACG,4
TTCTACACAGCTGTAT,0
TTCTACACATCGGAAG,7
TTCTACACATGGGAAC,4
TTCTACAGTCTGCGGT,7
TTCTACAGTGAGTATA,8
TTCTACATCAAACCAC,7
TTCTCAAAGAGCCCAA,0
TTCTCAAAGATATGCA,0
TTCTCAAAGCACGCCT,0
TTCTCAACACACTGCG,3
TTCTCAACATCGGTTA,0
TTCTCAAGTACGAAAT,1
TTCTCAAGTCGCGGTT,2
TTCTCAAGTTTCCACC,8
TTCTCAAGTTTGGGCC,2
TTCTCAATCAAGCCTA,0
TTCTCAATCCGTTGTC,3
TTCTCCTCACTGTTAG,1
TTCTCCTCATGCCTAA,0
TTCTCCTTCAGTGTTG,1
TTCTCCTTCGCAAGCC,2
TTCTTAGAGAGACTTA,4
TTCTTAGAGTGGACGT,1
TTCTTAGCAAGACACG,7
TTCTTAGCACCGAATT,0
TTCTTAGCATGGATGG,4
TTCTTAGCATGTCGAT,0
TTCTTAGGTATAGTAG,1
TTCTTAGTCACCCGAG,1
TTCTTAGTCATCGATG,5
TTGAACGAGAATGTGT,0
TTGAACGAGGTGTTAA,0
TTGAACGAGTGAACAT,1
TTGAACGAGTTTCCTT,1
TTGAACGCAACAACCT,4
TTGAACGCAGTGGAGT,1
TTGAACGCATACGCCG,6
TTGAACGTCCACGAAT,0
TTGAACGTCGTTTAGG,6
TTGACTTAGCACCGCT,4
TTGACTTAGCGTGAGT,0
TTGACTTCAACTGGCC,0
TTGACTTCACATGTGT,4
TTGACTTGTAGGACAC,3
TTGACTTGTCACTGGC,1
TTGACTTGTCTGATCA,0
TTGACTTGTGAAATCA,0
TTGCCGTAGTATGACA,1
TTGCCGTAGTGAAGAG,4
TTGCCGTGTCCGTGAC,8
TTGCCGTGTGCTCTTC,2
TTGCGTCAGACAAGCC,5
TTGCGTCAGGTGTTAA,3
TTGCGTCCACTTCTGC,1
TTGCGTCCAGCCAATT,8
TTGCGTCCATCTCCCA,0
TTGCGTCGTACATCCA,7
TTGCGTCGTCCAGTGC,2
TTGCGTCGTGATGCCC,8
TTGCGTCGTTACGACT,7
TTGCGTCGTTCCCTTG,5
TTGCGTCTCTCCAGGG,1
TTGCGTCTCTCCTATA,0
TTGGAACAGGCGCTCT,3
TTGGAACAGGCTAGGT,6
TTGGAACAGGTGCTAG,7
TTGGAACAGTATGACA,1
TTGGAACAGTGGTAAT,6
TTGGAACGTCGAGATG,5
TTGGAACGTCGCCATG,0
TTGGAACGTTGATTCG,1
TTGGAACGTTGCTCCT,0
TTGGAACTCCATTCTA,3
TTGGAACTCCCAAGTA,1
TTGGAACTCGCCAAAT,1
TTGGCAAAGTCCGGTC,1
TTGGCAACAGGACCCT,5
TTGGCAACATCGATGT,2
TTGGCAAGTCCGAATT,4
TTGGCAAGTGTGGCTC,2
TTGGCAATCAGTACGT,2
TTGGCAATCCAAACTG,6
TTGTAGGAGAACTGTA,4
TTGTAGGAGAGGGCTT,0
TTGTAGGAGGTGGGTT,2
TTGTAGGCAACGCACC,0
TTGTAGGCAACTGCGC,4
TTGTAGGCAATACGCT,8
TTGTAGGCAATGCCAT,7
TTGTAGGCACATCCGG,0
TTGTAGGCACGGCTAC,3
TTGTAGGGTAGCCTAT,2
TTGTAGGGTCCGTGAC,2
TTGTAGGGTTCCACTC,2
TTGTAGGTCTCCTATA,2
TTTACTGAGACGCAAC,6
TTTACTGAGCAGATCG,8
TTTACTGAGTCAATAG,2
TTTACTGAGTGGGCTA,1
TTTACTGCAAGCCGCT,1
TTTACTGCACATCCGG,3
TTTACTGCATATGCTG,0
TTTACTGGTGGCCCTA,3
TTTACTGGTTTGGGCC,9
TTTACTGTCAATAAGG,4
TTTACTGTCCTATTCA,5
TTTATGCAGAGTAAGG,5
TTTATGCAGCTAACTC,8
TTTATGCAGGACTGGT,3
TTTATGCCAAGTTCTG,4
TTTATGCGTTCCAACA,6
TTTATGCTCCGATATG,0
TTTCCTCAGAGCCTAG,1
TTTCCTCAGCCAGAAC,2
TTTCCTCAGGAGTTTA,7
TTTCCTCAGTGAATTG,1
TTTCCTCCAAGCCGTC,4
TTTCCTCCAATGGACG,4
TTTCCTCCACGGCGTT,7
TTTCCTCCAGCTGTTA,3
TTTCCTCCATTGCGGC,1
TTTCCTCTCAGCCTAA,2
TTTCCTCTCGCTTAGA,7
TTTCCTCTCTCTAAGG,0
TTTGCGCAGCTGAAAT,4
TTTGCGCCAAGCCATT,0
TTTGCGCCAAGCCTAT,0
TTTGCGCCACTAGTAC,6
TTTGCGCCAGCCTTTC,2
TTTGCGCCATTCCTGC,2
TTTGCGCTCAGCAACT,7
TTTGCGCTCAGCTGGC,7
TTTGCGCTCCAATGGT,0
TTTGGTTAGGCCCTCA,5
TTTGGTTAGGCTATCT,4
TTTGGTTAGTCCATAC,9
TTTGGTTAGTGTACCT,4
TTTGGTTCAGAAGCAC,2
TTTGGTTCAGGCTGAA,0
TTTGGTTCAGTTAACC,1
TTTGGTTGTCCGCTGA,3
TTTGGTTTCAACGAAA,1
TTTGTCAAGAAGATTC,2
TTTGTCAAGATGAGAG,4
TTTGTCAAGGTGACCA,1
TTTGTCACACATAACC,4
TTTGTCACACGAAAGC,0
TTTGTCACAGCTCGCA,0
TTTGTCATCAAACCGT,3
TTTGTCATCCGAATGT,2
TTTGTCATCTTCAACT,5
